Specimen,Field,FPWerneck,Sp,City,State,Lat,Lon,Maturiry,SVL,BM,BTAL,TAL,HL,HH,HW,TRL,INF,SG,PG,FL_L,FL_R,TL_L,TL_R,FTL_L,FTL_R,HUL_L,HUL_R,FAL_L,FAL_R,SFT_L,SFT_R,SFF_L,SFF_R
INPA-H043353,NA,FPWerneck03381,G_underwoodi,Manaus,Amazonas,-3.089271,-59.97544,Adult,39.56,NA,11.37,38.60,7.16,4.06,5.63,22.98,11.84,4.82,4.80,4.01,3.92,2.68,2.78,6.54,6.29,2.39,2.40,5.99,5.99,16,17,12,12
INPA-H043353,NA,FPWerneck03381,G_underwoodi,Manaus,Amazonas,-3.089271,-59.97544,Adult,39.08,NA,11.35,38.13,7.77,4.11,5.62,22.28,11.66,5.18,5.28,4.02,4.24,3.02,3.03,6.69,6.65,2.58,2.65,6.05,6.11,16,17,12,12
INPA-H043361,NA,FPWerneck03389,G_underwoodi,Manaus,Amazonas,-3.089271,-59.97544,Juvenile,26.89,NA,NA,39.52,5.00,2.69,3.87,14.07,9.14,3.27,3.50,3.25,2.83,2.26,2.35,5.08,4.05,2.10,2.26,4.93,5.15,17,16,13,14
INPA-H043361,NA,FPWerneck03389,G_underwoodi,Manaus,Amazonas,-3.089271,-59.97544,Juvenile,27.05,NA,NA,42.96,5.22,2.84,3.97,13.74,8.94,3.32,3.79,2.96,2.96,2.19,2.41,4.71,4.45,2.32,2.23,4.63,4.91,17,16,13,14
INPA-H044740,LRM05,FPWerneck03714,G_underwoodi,Bonfim,Roraima,3.357985,-59.835996,Juvenile,32.02,0.47,NA,25.17,5.66,3.19,4.53,16.41,10.86,4.27,4.51,4.02,3.80,2.31,2.14,5.79,5.60,2.62,2.62,5.26,5.07,17,17,13,14
INPA-H044740,LRM05,FPWerneck03714,G_underwoodi,Bonfim,Roraima,3.357985,-59.835996,Juvenile,33.47,0.47,NA,26.36,5.74,3.09,4.80,17.41,11.40,4.38,4.79,4.16,3.99,2.55,2.34,5.93,5.77,2.83,2.83,5.42,5.31,17,17,13,14
INPA-H044726,LRM07,FPWerneck03715,G_underwoodi,Bonfim,Roraima,3.357985,-59.835996,Adult,43.63,1.10,11.57,35.22,7.18,4.16,6.01,23.23,13.44,5.64,5.52,4.97,4.91,3.14,2.87,6.40,6.85,3.36,3.22,6.12,5.55,16,16,14,13
INPA-H044726,LRM07,FPWerneck03715,G_underwoodi,Bonfim,Roraima,3.357985,-59.835996,Adult,45.31,1.10,11.16,36.52,7.26,3.92,6.20,24.12,13.92,5.99,6.05,4.96,5.22,3.45,3.16,6.69,6.82,3.52,3.54,5.84,5.33,16,16,14,13
INPA-H044732,LRM08,FPWerneck03716,G_underwoodi,Bonfim,Roraima,3.357985,-59.835996,Adult,36.35,0.77,44.98,49.64,6.50,3.52,4.83,19.40,12.08,4.84,5.27,4.44,4.55,3.11,3.05,5.81,6.37,3.08,2.90,5.91,5.93,16,17,13,13
INPA-H044732,LRM08,FPWerneck03716,G_underwoodi,Bonfim,Roraima,3.357985,-59.835996,Adult,38.51,0.77,44.75,51.87,6.30,3.40,4.97,20.82,12.79,4.67,4.77,4.68,4.71,3.36,3.35,6.00,6.75,3.25,3.21,6.05,6.00,16,17,13,13
INPA-H044738,LRM09,FPWerneck03717,G_underwoodi,Bonfim,Roraima,3.357985,-59.835996,Adult,37.24,0.72,20.67,46.63,6.26,3.51,5.50,18.92,13.42,5.09,5.23,4.24,4.41,2.75,2.84,6.50,6.57,2.97,3.22,6.16,5.92,16,17,13,13
INPA-H044738,LRM09,FPWerneck03717,G_underwoodi,Bonfim,Roraima,3.357985,-59.835996,Adult,38.91,0.72,21.86,48.40,6.46,3.44,5.79,18.83,13.99,5.10,5.61,4.48,4.71,3.01,3.13,6.74,6.82,3.24,3.54,6.45,6.11,16,17,13,13
INPA-H044720,LRM10,FPWerneck03718,G_underwoodi,Bonfim,Roraima,3.35945,-59.332176,Juvenile,33.82,0.55,30.21,44.99,6.30,3.54,4.99,17.97,11.36,4.76,5.01,4.29,3.93,2.99,2.99,5.93,5.89,3.11,2.99,5.50,5.90,16,16,13,13
INPA-H044720,LRM10,FPWerneck03718,G_underwoodi,Bonfim,Roraima,3.35945,-59.332176,Juvenile,33.67,0.55,29.93,44.39,5.89,3.24,4.98,17.81,11.19,4.70,5.03,4.64,3.76,3.24,3.10,5.93,5.87,3.03,3.28,5.58,5.83,16,16,13,13
INPA-H044741,LRM12,FPWerneck03719,G_underwoodi,Bonfim,Roraima,3.35945,-59.332176,Juvenile,31.13,0.47,43.43,46.72,5.67,3.08,4.47,15.67,11.35,4.33,4.44,3.67,3.71,2.02,2.14,5.49,5.57,2.42,2.26,5.28,5.31,16,17,13,13
INPA-H044741,LRM12,FPWerneck03719,G_underwoodi,Bonfim,Roraima,3.35945,-59.332176,Juvenile,32.16,0.47,45.03,50.59,5.74,3.02,4.70,16.00,11.77,4.18,4.37,3.64,3.83,2.16,2.29,5.44,5.60,2.61,2.49,4.77,5.47,16,17,13,13
INPA-H044719,LRM13,FPWerneck03720,G_underwoodi,Bonfim,Roraima,3.35945,-59.332176,Adult,38.49,1.00,NA,71.33,6.28,3.59,5.43,19.89,13.11,4.94,5.27,4.72,4.48,3.53,3.45,6.52,6.56,3.07,3.02,5.78,5.96,16,16,13,12
INPA-H044719,LRM13,FPWerneck03720,G_underwoodi,Bonfim,Roraima,3.35945,-59.332176,Adult,39.33,1.00,NA,72.35,6.38,3.49,5.47,19.98,13.43,5.25,5.68,4.63,4.13,3.31,3.34,6.71,6.74,3.33,3.31,6.28,6.18,16,16,13,12
INPA-H044724,LRM14,FPWerneck03721,G_underwoodi,Bonfim,Roraima,3.35945,-59.332176,Juvenile,34.07,0.72,32.01,50.06,6.10,3.55,5.06,17.72,11.77,4.64,4.88,4.40,4.05,3.29,3.70,5.97,6.20,2.86,2.79,5.65,5.58,16,17,13,14
INPA-H044724,LRM14,FPWerneck03721,G_underwoodi,Bonfim,Roraima,3.35945,-59.332176,Juvenile,34.99,0.72,32.78,51.04,6.16,3.29,5.29,18.04,12.06,5.04,5.28,4.43,4.46,3.40,3.65,6.07,6.24,3.10,3.02,5.78,5.96,16,17,13,14
INPA-H044727,LRM15,FPWerneck03722,G_underwoodi,Bonfim,Roraima,3.35945,-59.332176,Juvenile,34.18,0.62,NA,56.38,5.84,3.11,4.68,17.13,12.19,4.17,4.78,3.86,3.73,2.36,2.11,5.62,6.04,2.79,2.51,NA,5.26,17,16,NA,13
INPA-H044727,LRM15,FPWerneck03722,G_underwoodi,Bonfim,Roraima,3.35945,-59.332176,Juvenile,35.59,0.62,NA,58.79,6.27,3.03,5.07,18.17,12.67,4.53,5.04,3.86,3.86,2.51,2.33,5.84,6.18,3.02,2.73,NA,5.51,17,16,NA,13
INPA-H044734,LRM16,FPWerneck03723,G_underwoodi,Bonfim,Roraima,3.35945,-59.332176,Juvenile,31.82,0.52,27.24,44.64,5.87,3.10,4.66,15.67,11.48,4.05,4.63,3.85,3.69,2.80,3.15,5.81,5.57,2.46,2.19,5.27,5.32,17,17,13,14
INPA-H044734,LRM16,FPWerneck03723,G_underwoodi,Bonfim,Roraima,3.35945,-59.332176,Juvenile,33.46,0.52,28.70,46.56,5.91,3.20,5.03,17.13,12.05,4.42,4.81,4.21,4.01,2.76,3.01,5.88,5.80,2.69,2.41,5.50,5.44,17,17,13,14
INPA-H044742,LRM17,FPWerneck03724,G_underwoodi,Bonfim,Roraima,3.35945,-59.332176,Juvenile,29.25,0.38,NA,35.64,5.27,2.74,4.45,13.83,11.13,3.85,4.22,3.61,3.48,2.47,2.38,5.11,5.15,2.67,2.40,4.85,5.10,17,17,12,12
INPA-H044742,LRM17,FPWerneck03724,G_underwoodi,Bonfim,Roraima,3.35945,-59.332176,Juvenile,30.56,0.38,NA,35.97,5.59,2.94,4.68,14.48,11.70,3.87,4.19,3.53,3.66,2.59,2.54,5.24,5.41,2.88,2.65,5.02,5.31,17,17,12,12
INPA-H044743,LRM18,FPWerneck03725,G_underwoodi,Bonfim,Roraima,3.35945,-59.332176,Juvenile,30.57,0.39,NA,29.12,5.48,2.95,4.60,15.29,10.92,3.86,4.10,3.25,3.49,2.21,2.42,5.71,5.58,2.78,2.23,5.04,5.23,17,16,13,13
INPA-H044743,LRM18,FPWerneck03725,G_underwoodi,Bonfim,Roraima,3.35945,-59.332176,Juvenile,31.04,0.39,NA,29.47,5.60,2.92,4.68,15.51,11.01,3.99,4.23,3.52,3.53,2.45,2.61,5.56,5.26,3.02,2.46,5.06,5.12,17,16,13,13
INPA-H044737,LRM19,FPWerneck03726,G_underwoodi,Bonfim,Roraima,3.35945,-59.332176,Adult,41.76,0.69,5.84,27.21,6.81,3.60,5.45,21.95,13.91,5.16,5.25,4.52,4.24,3.32,2.92,6.32,6.34,3.20,3.30,6.11,6.25,17,17,13,12
INPA-H044737,LRM19,FPWerneck03726,G_underwoodi,Bonfim,Roraima,3.35945,-59.332176,Adult,42.49,0.69,5.86,28.18,7.03,3.51,5.54,22.73,14.15,5.04,5.27,4.75,4.34,3.38,3.23,6.29,6.24,3.54,3.53,6.51,6.34,17,17,13,12
INPA-H044725,LRM20,FPWerneck03727,G_underwoodi,Bonfim,Roraima,3.35945,-59.332176,Adult,40.38,1.14,NA,60.40,6.88,3.76,5.76,20.21,14.13,4.91,5.96,5.07,4.21,2.83,2.93,6.28,6.46,3.18,3.08,6.45,6.20,17,16,13,13
INPA-H044725,LRM20,FPWerneck03727,G_underwoodi,Bonfim,Roraima,3.35945,-59.332176,Adult,41.53,1.14,NA,62.83,7.23,3.70,5.99,20.88,14.69,5.13,5.42,5.05,4.59,3.10,3.19,6.50,6.60,3.52,3.33,6.47,6.12,17,16,13,13
INPA-H044733,LRM21,FPWerneck03728,G_underwoodi,Bonfim,Roraima,3.35945,-59.332176,Adult,43.90,0.99,14.46,NA,7.10,3.77,6.05,22.73,14.68,5.33,6.23,4.73,4.94,2.91,3.02,6.83,6.88,3.08,3.26,6.05,5.96,16,17,14,14
INPA-H044733,LRM21,FPWerneck03728,G_underwoodi,Bonfim,Roraima,3.35945,-59.332176,Adult,45.13,0.99,15.57,NA,7.44,3.78,6.31,23.59,15.01,5.61,6.18,5.18,5.01,3.15,3.34,6.92,6.99,3.37,3.55,6.19,6.11,16,17,14,14
INPA-H044716,LRM22,FPWerneck03729,G_underwoodi,Bonfim,Roraima,3.35945,-59.332176,Juvenile,33.59,0.60,41.67,50.13,5.88,3.24,4.85,16.87,11.95,4.32,4.86,4.47,4.04,2.78,2.68,5.98,6.44,3.09,2.84,5.88,6.00,17,18,14,14
INPA-H044716,LRM22,FPWerneck03729,G_underwoodi,Bonfim,Roraima,3.35945,-59.332176,Juvenile,35.22,0.60,44.36,53.23,6.06,2.95,5.13,17.70,12.46,4.38,4.70,4.59,4.07,3.03,2.95,6.15,6.36,3.31,2.87,5.95,5.96,17,18,14,14
INPA-H044722,NA,FPWerneck03730,G_underwoodi,Bonfim,Roraima,3.35945,-59.332176,Adult,44.04,1.05,47.31,55.98,7.04,3.31,5.80,23.84,13.85,5.18,5.83,4.89,4.63,3.47,3.37,NA,6.78,3.37,3.68,NA,6.76,NA,17,NA,12
INPA-H044722,NA,FPWerneck03730,G_underwoodi,Bonfim,Roraima,3.35945,-59.332176,Adult,44.69,1.05,47.68,61.73,6.91,3.20,6.01,23.93,13.84,5.26,6.04,5.22,4.76,3.46,3.26,NA,6.78,3.39,3.56,NA,6.67,NA,17,NA,12
INPA-H044728,LRM23,FPWerneck03731,G_underwoodi,Bonfim,Roraima,3.35945,-59.332176,Adult,35.81,0.65,25.49,40.12,6.43,3.16,5.24,19.30,11.85,4.64,5.09,4.32,3.88,2.83,2.73,6.10,6.20,3.12,2.79,6.09,6.13,17,17,13,13
INPA-H044728,LRM23,FPWerneck03731,G_underwoodi,Bonfim,Roraima,3.35945,-59.332176,Adult,36.33,0.65,26.79,42.25,6.49,3.11,5.34,19.18,12.13,4.64,4.70,4.40,3.80,2.98,3.01,6.11,6.01,2.87,3.04,5.79,5.96,17,17,13,13
INPA-H044721,LRM24,FPWerneck03732,G_underwoodi,Bonfim,Roraima,3.35945,-59.332176,Adult,43.88,1.07,10.80,41.24,7.13,4.01,6.11,23.93,14.31,5.49,5.79,4.79,4.60,3.40,3.30,6.95,6.42,3.43,3.29,6.72,6.45,17,17,13,13
INPA-H044721,LRM24,FPWerneck03732,G_underwoodi,Bonfim,Roraima,3.35945,-59.332176,Adult,43.88,1.07,10.90,40.59,7.02,3.67,6.08,23.51,14.31,5.51,5.92,4.96,4.44,3.49,3.38,6.64,6.25,3.30,3.31,6.61,5.95,17,17,13,13
INPA-H044718,LRM25,FPWerneck03733,G_underwoodi,Bonfim,Roraima,3.35945,-59.332176,Adult,39.60,0.96,33.95,54.34,6.60,3.79,5.59,19.69,13.42,5.46,5.67,4.34,4.36,3.08,3.40,6.56,6.52,3.40,3.15,6.62,6.27,16,16,13,13
INPA-H044718,LRM25,FPWerneck03733,G_underwoodi,Bonfim,Roraima,3.35945,-59.332176,Adult,40.98,0.96,35.79,56.79,6.42,3.61,5.90,20.75,13.93,5.36,6.19,4.38,4.40,3.37,3.25,6.50,6.90,3.56,3.30,6.68,6.16,16,16,13,13
INPA-H044736,LRM26,FPWerneck03734,G_underwoodi,Bonfim,Roraima,3.35945,-59.332176,Adult,36.53,0.64,NA,39.00,6.16,2.96,4.84,19.00,12.34,4.58,4.69,4.27,4.14,2.87,3.05,5.77,5.71,3.15,3.19,5.82,6.09,17,17,13,13
INPA-H044736,LRM26,FPWerneck03734,G_underwoodi,Bonfim,Roraima,3.35945,-59.332176,Adult,37.25,0.64,NA,39.82,6.51,2.97,5.10,19.49,12.58,4.65,4.65,4.47,4.18,3.09,3.26,5.81,5.84,3.13,3.20,5.71,5.80,17,17,13,13
INPA-H044735,LRM27,FPWerneck03735,G_underwoodi,Bonfim,Roraima,3.35945,-59.332176,Adult,35.09,0.57,9.80,33.74,6.18,3.16,5.07,18.53,11.98,4.83,4.74,4.08,3.89,2.54,2.90,6.11,6.34,2.81,2.82,5.93,6.02,17,17,14,13
INPA-H044735,LRM27,FPWerneck03735,G_underwoodi,Bonfim,Roraima,3.35945,-59.332176,Adult,36.28,0.57,10.14,35.82,6.09,2.93,5.24,18.94,12.37,4.71,4.50,3.73,4.03,2.75,2.95,6.02,6.54,3.01,3.06,6.05,6.00,17,17,14,13
INPA-H044739,LRM28,FPWerneck03736,G_underwoodi,Bonfim,Roraima,3.35945,-59.332176,Adult,35.11,0.69,NA,59.40,6.45,3.23,5.09,18.33,11.86,4.71,5.01,4.26,4.22,2.92,2.92,6.33,6.21,2.86,2.85,6.06,5.73,17,17,14,13
INPA-H044739,LRM28,FPWerneck03736,G_underwoodi,Bonfim,Roraima,3.35945,-59.332176,Adult,35.59,0.69,NA,60.67,6.36,2.95,5.20,18.82,11.77,4.58,4.84,3.89,3.93,3.18,3.06,6.23,6.26,2.91,2.94,5.90,5.49,17,17,14,13
INPA-H044731,LRM29,FPWerneck03737,G_underwoodi,Bonfim,Roraima,3.35945,-59.332176,Adult,48.65,1.36,19.91,49.80,7.50,3.91,6.43,26.78,15.58,6.09,5.96,5.13,4.95,3.24,3.57,6.67,6.67,3.37,3.43,6.59,6.53,17,17,14,14
INPA-H044731,LRM29,FPWerneck03737,G_underwoodi,Bonfim,Roraima,3.35945,-59.332176,Adult,48.64,1.36,19.12,50.01,7.49,3.66,6.43,26.11,15.19,6.04,5.80,4.86,4.63,3.28,3.33,6.44,6.60,3.70,3.30,6.42,6.57,17,17,14,14
INPA-H044715,LRM30,FPWerneck03738,G_underwoodi,Bonfim,Roraima,3.35945,-59.332176,Adult,47.36,1.42,32.78,63.66,7.77,NA,5.89,27.11,13.92,5.30,5.87,4.71,4.88,3.19,3.39,6.39,6.56,3.45,3.25,6.03,6.54,16,17,13,13
INPA-H044715,LRM30,FPWerneck03738,G_underwoodi,Bonfim,Roraima,3.35945,-59.332176,Adult,47.15,1.42,32.86,63.57,7.45,NA,6.33,26.97,13.72,5.64,6.34,5.10,5.21,3.41,3.38,6.16,6.91,3.33,3.39,5.81,6.43,16,17,13,13
INPA-H044723,LRM31,FPWerneck03739,G_underwoodi,Bonfim,Roraima,3.35945,-59.332176,Adult,36.11,0.56,16.05,37.32,5.96,3.15,4.62,18.91,13.15,4.17,4.63,3.96,3.81,2.57,2.68,5.98,6.02,3.19,3.11,6.08,5.56,17,17,13,13
INPA-H044723,LRM31,FPWerneck03739,G_underwoodi,Bonfim,Roraima,3.35945,-59.332176,Adult,36.19,0.56,17.19,38.34,5.84,3.28,4.94,17.19,12.44,4.29,5.13,3.86,4.12,2.80,2.86,5.80,5.92,2.86,3.05,6.14,5.54,17,17,13,13
INPA-H044729,LRM32,FPWerneck03740,G_underwoodi,Bonfim,Roraima,3.35945,-59.332176,Adult,38.47,0.98,52.28,56.52,6.24,3.55,5.37,19.88,13.14,4.64,5.67,4.66,4.40,3.20,3.22,6.44,6.72,3.29,3.31,6.39,6.39,17,17,13,14
INPA-H044729,LRM32,FPWerneck03740,G_underwoodi,Bonfim,Roraima,3.35945,-59.332176,Adult,40.44,0.98,53.33,58.50,6.84,3.49,5.22,21.12,13.03,4.84,5.84,4.19,4.30,3.52,3.55,6.58,6.32,3.47,3.47,6.50,6.12,17,17,13,14
INPA-H044730,LRM33,FPWerneck03741,G_underwoodi,Bonfim,Roraima,3.35945,-59.332176,Juvenile,33.70,0.48,NA,36.29,5.35,3.03,4.44,18.27,11.16,3.92,4.04,3.81,3.82,2.26,2.47,5.32,5.89,2.65,2.66,5.52,5.47,17,17,14,13
INPA-H044730,LRM33,FPWerneck03741,G_underwoodi,Bonfim,Roraima,3.35945,-59.332176,Juvenile,32.32,0.48,NA,35.24,5.46,2.93,4.58,16.73,10.99,3.82,3.90,3.43,3.48,2.49,2.60,4.96,5.55,2.45,2.56,5.53,5.36,17,17,14,13
INPA-H044717,LRM34,FPWerneck03742,G_underwoodi,Bonfim,Roraima,3.35945,-59.332176,Adult,45.90,1.21,45.25,52.99,7.15,4.34,5.77,26.25,13.51,4.95,5.74,4.66,4.68,3.06,3.05,6.54,6.66,3.52,3.45,6.27,6.42,16,17,13,13
INPA-H044717,LRM34,FPWerneck03742,G_underwoodi,Bonfim,Roraima,3.35945,-59.332176,Adult,45.66,1.21,42.98,51.09,7.49,3.95,6.17,24.45,14.75,5.38,5.48,5.10,4.99,3.07,3.26,6.39,6.65,3.44,3.32,6.47,6.60,16,17,13,13
INPA-H018978,NA,NA,G_underwoodi,EEMaraca,Roraima,3.3635,-61.4348,Adult,39.33,NA,52.98,65.14,7.29,3.79,5.47,20.69,11.98,5.22,5.78,4.87,4.96,3.07,3.43,6.10,7.10,3.36,3.13,6.01,6.16,17,19,14,14
INPA-H018978,NA,NA,G_underwoodi,EEMaraca,Roraima,3.3635,-61.4348,Adult,40.00,NA,54.83,66.83,7.08,3.68,5.72,20.13,12.03,5.03,5.35,4.91,4.74,3.28,3.68,6.11,7.26,3.57,3.11,6.52,6.41,17,19,14,14
INPA-H018979,NA,NA,G_underwoodi,EEMaraca,Roraima,3.3635,-61.4348,Adult,43.01,NA,8.58,NA,7.07,4.01,5.73,23.28,12.01,5.22,5.84,4.43,4.51,3.21,3.02,6.75,6.00,3.11,3.16,6.69,6.72,17,17,14,14
INPA-H018979,NA,NA,G_underwoodi,EEMaraca,Roraima,3.3635,-61.4348,Adult,42.63,NA,8.36,NA,7.16,3.80,5.75,24.38,12.68,5.45,6.22,4.58,4.15,3.31,3.12,6.71,6.65,3.40,3.27,6.05,6.25,17,17,14,14
INPA-H018980,NA,NA,G_underwoodi,EEMaraca,Roraima,3.3635,-61.4348,Juvenile,33.95,NA,8.36,NA,5.73,3.26,4.89,17.76,10.80,4.05,4.69,4.36,4.32,2.86,2.94,6.24,6.38,2.54,2.31,5.51,5.59,18,18,15,14
INPA-H018980,NA,NA,G_underwoodi,EEMaraca,Roraima,3.3635,-61.4348,Juvenile,34.52,NA,7.68,NA,6.13,3.33,4.92,18.66,11.14,4.38,5.11,3.90,3.96,2.77,3.14,6.48,6.57,2.82,2.55,6.05,5.85,18,18,15,14
INPA-H018981,NA,NA,G_underwoodi,EEMaraca,Roraima,3.3635,-61.4348,Juvenile,31.88,NA,NA,50.16,5.88,3.29,4.83,17.57,9.84,3.99,4.67,3.23,3.59,2.41,2.56,5.84,5.52,2.88,2.82,5.49,5.43,16,17,13,14
INPA-H018981,NA,NA,G_underwoodi,EEMaraca,Roraima,3.3635,-61.4348,Juvenile,32.66,NA,NA,51.57,6.10,3.55,4.97,17.77,10.17,4.32,5.05,3.15,3.47,2.45,2.60,6.01,5.36,2.71,2.66,5.83,5.71,16,17,13,14
INPA-H031306,NA,NA,G_underwoodi,Manaus,Amazonas,-3.076181,-59.961819,Adult,40.51,NA,18.25,NA,7.05,4.23,5.03,21.94,12.48,4.94,6.04,4.87,4.43,3.71,3.53,6.95,7.02,3.55,3.23,6.41,6.30,NA,NA,14,14
INPA-H031306,NA,NA,G_underwoodi,Manaus,Amazonas,-3.076181,-59.961819,Adult,42.49,NA,19.34,NA,7.24,4.15,5.32,22.77,12.14,5.24,5.92,4.97,4.52,3.63,3.67,7.69,7.11,3.37,3.16,7.05,6.19,NA,NA,14,14
INPA-H031307,NA,NA,G_underwoodi,Manaus,Amazonas,-3.076181,-59.961819,Adult,36.21,NA,3.27,NA,5.92,2.83,4.61,17.98,11.13,4.23,4.50,4.62,3.98,2.89,2.97,5.77,NA,2.70,2.68,6.14,6.07,17,17,13,13
INPA-H031307,NA,NA,G_underwoodi,Manaus,Amazonas,-3.076181,-59.961819,Adult,35.55,NA,3.44,NA,6.14,2.94,5.00,17.04,10.82,4.37,4.87,4.71,4.16,2.77,2.79,5.58,NA,2.95,2.43,5.83,5.78,17,17,13,13
INPA-H031308,NA,NA,G_underwoodi,Manaus,Amazonas,-3.076181,-59.961819,Adult,43.82,NA,10.33,NA,7.06,3.98,5.73,26.06,12.43,5.85,6.01,4.75,4.70,3.24,3.23,6.65,7.09,3.91,3.80,6.55,6.73,NA,NA,13,13
INPA-H031308,NA,NA,G_underwoodi,Manaus,Amazonas,-3.076181,-59.961819,Adult,45.23,NA,10.62,NA,7.23,3.77,5.98,26.44,12.78,6.41,6.31,4.97,4.77,3.48,3.46,7.22,7.87,4.26,4.14,7.35,7.11,NA,NA,13,13
INPA-H031309,NA,NA,G_underwoodi,Manaus,Amazonas,-3.076181,-59.961819,Adult,42.46,NA,2.35,NA,6.94,3.80,5.53,24.47,11.66,5.26,6.32,4.83,4.42,3.45,3.53,7.04,7.11,3.40,3.62,6.95,6.57,16,17,13,14
INPA-H031309,NA,NA,G_underwoodi,Manaus,Amazonas,-3.076181,-59.961819,Adult,41.92,NA,2.42,NA,7.23,3.82,5.39,24.40,11.47,5.10,6.11,4.38,4.63,3.19,3.45,7.19,6.85,3.74,3.23,6.82,6.94,16,17,13,14
INPA-H031310,NA,NA,G_underwoodi,Manaus,Amazonas,-3.076181,-59.961819,Adult,41.45,NA,4.72,NA,7.05,3.55,4.86,22.96,12.74,5.13,5.30,4.51,4.41,3.63,3.60,7.16,7.19,3.39,3.34,6.46,6.65,NA,NA,13,13
INPA-H031310,NA,NA,G_underwoodi,Manaus,Amazonas,-3.076181,-59.961819,Adult,42.40,NA,5.08,NA,7.31,3.33,4.97,23.71,13.13,5.10,5.46,4.86,4.24,3.92,3.71,7.10,6.63,3.36,3.58,6.48,6.33,NA,NA,13,13
INPA-H031311,NA,NA,G_underwoodi,Manaus,Amazonas,-3.076181,-59.961819,Adult,42.51,NA,1.14,NA,6.76,3.78,4.94,25.76,11.87,5.67,5.80,4.99,4.09,3.21,3.27,6.40,7.01,3.44,3.42,6.96,6.51,17,17,13,14
INPA-H031311,NA,NA,G_underwoodi,Manaus,Amazonas,-3.076181,-59.961819,Adult,44.23,NA,1.09,NA,6.72,3.85,5.25,27.82,11.74,6.17,6.27,4.56,4.11,3.54,3.51,6.98,7.19,3.63,3.40,7.13,6.33,17,17,13,14
INPA-H031312,NA,NA,G_underwoodi,Manaus,Amazonas,-3.076181,-59.961819,Adult,36.55,NA,8.40,NA,6.44,3.76,4.57,19.69,11.48,4.41,4.96,3.80,3.91,2.75,2.75,6.03,6.08,3.15,3.05,5.89,5.45,17,17,13,13
INPA-H031312,NA,NA,G_underwoodi,Manaus,Amazonas,-3.076181,-59.961819,Adult,34.84,NA,7.51,NA,5.92,3.50,4.35,19.20,10.96,4.55,5.00,3.94,3.79,3.02,3.03,6.04,6.71,3.12,3.34,6.07,4.87,17,17,13,13
INPA-H040754,NA,NA,G_underwoodi,Manaus,Amazonas,-3.076181,-59.961819,Adult,38.04,NA,16.63,23.60,6.09,3.75,4.89,19.15,12.40,NA,NA,4.05,3.99,2.97,3.30,6.58,6.86,2.91,2.99,6.09,5.85,17,17,13,14
INPA-H040754,NA,NA,G_underwoodi,Manaus,Amazonas,-3.076181,-59.961819,Adult,38.77,NA,16.85,25.85,5.91,3.46,4.92,20.98,13.15,NA,NA,4.15,4.17,2.91,3.52,6.66,6.73,3.17,2.91,6.24,6.02,17,17,13,14
INPA-H040772,NA,NA,G_underwoodi,Manaus,Amazonas,-3.076181,-59.961819,Adult,42.15,NA,11.97,NA,7.35,3.80,5.64,23.03,12.97,4.76,5.74,4.93,4.60,3.10,3.16,7.34,7.12,3.40,3.46,6.85,6.67,17,17,12,12
INPA-H040772,NA,NA,G_underwoodi,Manaus,Amazonas,-3.076181,-59.961819,Adult,41.92,NA,12.65,NA,7.89,3.70,5.71,23.25,13.16,4.94,5.59,4.93,4.25,3.41,3.42,7.53,6.60,3.61,3.46,6.87,6.31,17,17,12,12
INPA-H041179,NA,NA,G_underwoodi,Manaus,Amazonas,-3.089271,-59.97544,Adult,41.24,NA,14.45,41.22,6.94,3.75,5.39,22.68,12.02,5.12,6.02,4.35,4.46,3.03,2.96,7.26,6.95,3.15,3.31,6.51,6.79,17,17,14,14
INPA-H041179,NA,NA,G_underwoodi,Manaus,Amazonas,-3.089271,-59.97544,Adult,41.58,NA,14.51,42.55,7.30,3.76,5.23,23.46,12.05,5.49,6.63,4.63,4.11,3.32,2.64,6.63,6.52,3.41,3.23,6.34,6.63,17,17,14,14
INPA-H044746,LRM01,NA,G_underwoodi,Manaus,Amazonas,-3.089271,-59.97544,Adult,41.90,NA,6.79,30.19,6.88,3.74,5.68,22.60,13.56,5.34,5.96,4.68,4.44,2.97,3.18,6.94,7.01,2.40,2.42,5.89,5.83,17,17,13,13
INPA-H044746,LRM01,NA,G_underwoodi,Manaus,Amazonas,-3.089271,-59.97544,Adult,43.15,NA,7.04,31.03,7.22,3.79,5.78,22.29,13.78,5.26,6.08,4.72,4.64,3.25,3.44,7.34,6.98,2.32,2.66,6.06,6.03,17,17,13,13
INPA-H044747,LRM02,NA,G_underwoodi,Manaus,Amazonas,-3.089271,-59.97544,Adult,37.79,NA,37.96,49.39,6.39,3.13,5.09,19.90,12.51,4.78,4.91,4.22,4.09,3.07,3.16,6.52,6.66,2.59,2.60,5.84,5.91,17,17,13,13
INPA-H044747,LRM02,NA,G_underwoodi,Manaus,Amazonas,-3.089271,-59.97544,Adult,37.96,NA,38.45,50.78,6.47,3.07,5.13,19.56,12.12,4.54,5.31,4.32,4.17,3.31,3.49,6.49,6.76,2.54,2.76,6.14,5.90,17,17,13,13
INPA-H044744,LRM03,NA,G_underwoodi,SJ_ Baliza,Roraima,0.956187,-59.956603,Juvenile,28.28,NA,36.98,36.98,4.98,2.70,3.79,14.21,9.64,3.61,3.82,3.54,3.24,2.54,2.18,5.29,5.19,2.06,1.92,4.57,4.69,18,16,14,14
INPA-H044744,LRM03,NA,G_underwoodi,SJ_ Baliza,Roraima,0.956187,-59.956603,Juvenile,29.29,NA,38.53,38.53,5.24,2.71,4.06,15.24,10.03,3.71,4.11,3.49,3.24,2.73,2.36,5.57,5.08,2.14,2.03,4.41,4.84,18,16,14,14
INPA-H044745,LRM04,NA,G_underwoodi,SJ_ Baliza,Roraima,0.956187,-59.956603,Juvenile,25.14,NA,19.74,19.74,5.13,2.51,3.71,12.85,9.16,3.42,3.61,3.01,3.03,1.85,1.73,4.53,4.98,2.08,2.21,4.53,4.73,17,17,13,13
INPA-H044745,LRM04,NA,G_underwoodi,SJ_ Baliza,Roraima,0.956187,-59.956603,Juvenile,25.20,NA,20.86,20.86,5.26,2.60,3.70,12.32,9.11,3.43,3.47,3.03,2.81,1.95,1.92,4.37,4.65,2.07,2.36,4.71,4.23,17,17,13,13
INPA-H044767,LRM35,NA,G_underwoodi,Manaus,Amazonas,-3.089271,-59.97544,Juvenile,31.43,0.47,NA,52.30,5.49,3.04,4.19,17.34,10.23,3.96,4.70,3.95,4.11,2.55,2.63,5.99,6.04,2.75,2.55,5.63,5.65,18,18,14,14
INPA-H044767,LRM35,NA,G_underwoodi,Manaus,Amazonas,-3.089271,-59.97544,Juvenile,33.07,0.47,NA,52.17,5.72,2.79,4.61,18.53,10.48,3.75,4.78,3.64,3.89,2.79,2.88,5.75,5.90,2.97,2.69,5.72,6.14,18,18,14,14
INPA-H044768,LRM36,NA,G_underwoodi,Manaus,Amazonas,-3.089271,-59.97544,Adult,36.05,0.68,33.15,48.68,5.90,3.66,4.96,19.33,11.86,4.47,4.78,3.71,3.70,2.75,3.07,6.25,5.84,3.15,3.01,5.93,5.98,18,18,14,14
INPA-H044768,LRM36,NA,G_underwoodi,Manaus,Amazonas,-3.089271,-59.97544,Adult,35.98,0.68,33.86,49.94,5.90,3.30,5.14,19.33,11.13,4.74,5.01,3.79,4.07,2.85,3.16,6.58,6.10,3.07,2.99,6.16,5.68,18,18,14,14
INPA-H044764,LRM37,NA,G_underwoodi,Manaus,Amazonas,-3.089271,-59.97544,Adult,43.08,1.19,NA,75.80,6.65,3.83,5.67,24.47,12.97,5.72,6.07,4.80,4.75,3.39,3.57,7.13,7.58,3.48,3.27,6.84,6.59,17,17,14,14
INPA-H044764,LRM37,NA,G_underwoodi,Manaus,Amazonas,-3.089271,-59.97544,Adult,43.57,1.19,NA,75.47,7.18,3.72,6.24,23.86,13.21,5.39,5.66,4.62,4.52,3.43,3.63,7.26,7.31,3.68,3.30,7.00,6.76,17,17,14,14
INPA-H044752,LRM38,NA,G_underwoodi,Manaus,Amazonas,-3.083008,-59.962096,Adult,45.31,1.38,42.29,63.25,7.07,4.16,6.14,25.01,13.98,4.98,6.15,4.76,4.78,3.06,3.23,7.29,7.22,3.73,3.39,6.97,6.98,18,18,14,13
INPA-H044752,LRM38,NA,G_underwoodi,Manaus,Amazonas,-3.083008,-59.962096,Adult,45.57,1.38,42.97,64.18,7.22,3.91,6.14,24.60,14.03,5.22,6.06,4.66,4.49,3.07,3.44,7.07,7.29,3.34,3.31,6.96,6.89,18,18,14,13
INPA-H044760,LRM39,NA,G_underwoodi,Manaus,Amazonas,-3.089271,-59.97544,Adult,42.29,1.13,21.78,50.25,6.62,3.82,5.22,22.44,13.58,4.87,5.55,4.78,4.48,3.10,2.98,6.86,6.80,3.27,3.04,6.82,6.55,17,17,13,13
INPA-H044760,LRM39,NA,G_underwoodi,Manaus,Amazonas,-3.089271,-59.97544,Adult,43.45,1.13,22.54,51.70,6.68,3.64,5.99,23.30,13.96,5.21,5.72,4.96,4.19,3.42,3.28,7.19,6.88,3.48,2.75,7.07,7.26,17,17,13,13
INPA-H044758,LRM40,NA,G_underwoodi,Manaus,Amazonas,-3.089271,-59.97544,Adult,42.76,0.85,5.85,27.42,NA,NA,NA,23.29,13.11,4.66,5.17,4.99,4.81,3.39,3.60,6.74,6.74,3.36,3.58,6.55,6.42,18,18,13,13
INPA-H044758,LRM40,NA,G_underwoodi,Manaus,Amazonas,-3.089271,-59.97544,Adult,44.17,0.85,6.23,28.79,NA,NA,NA,24.29,13.65,5.30,5.57,4.93,4.50,3.70,3.79,6.49,6.58,3.23,3.38,6.79,6.65,18,18,13,13
INPA-H044759,LRM41,NA,G_underwoodi,Manaus,Amazonas,-3.089271,-59.97544,Adult,40.74,0.85,37.41,48.60,6.98,3.87,5.95,21.24,12.89,5.43,5.50,4.48,4.30,2.95,2.89,6.91,6.85,3.16,3.34,6.27,6.22,17,16,14,13
INPA-H044759,LRM41,NA,G_underwoodi,Manaus,Amazonas,-3.089271,-59.97544,Adult,42.80,0.85,39.58,51.53,7.18,3.96,6.31,22.73,13.58,5.66,5.56,4.38,4.31,3.23,2.97,6.95,7.03,3.32,3.19,6.60,6.62,17,16,14,13
INPA-H044762,LRM42,NA,G_underwoodi,Manaus,Amazonas,-3.089271,-59.97544,Adult,41.88,0.89,50.19,55.50,7.70,4.05,5.80,24.31,12.27,4.95,5.41,5.02,4.62,3.02,3.17,6.97,6.95,3.30,3.18,6.37,6.41,17,17,13,13
INPA-H044762,LRM42,NA,G_underwoodi,Manaus,Amazonas,-3.089271,-59.97544,Adult,43.02,0.89,51.47,56.98,7.57,4.19,5.95,24.05,12.51,4.94,5.92,4.61,4.30,3.23,3.35,6.51,6.64,3.09,2.87,6.45,6.76,17,17,13,13
INPA-H044769,LRM43,NA,G_underwoodi,Manaus,Amazonas,-3.076181,-59.961819,Adult,36.62,0.59,4.37,27.76,6.06,3.45,4.91,19.80,11.55,4.07,4.82,4.01,4.00,2.74,2.75,NA,NA,3.06,2.89,NA,NA,NA,NA,NA,NA
INPA-H044769,LRM43,NA,G_underwoodi,Manaus,Amazonas,-3.076181,-59.961819,Adult,37.14,0.59,4.15,30.41,6.54,3.70,5.35,18.92,12.49,4.30,4.96,4.32,4.18,3.01,3.03,NA,NA,3.17,3.01,NA,NA,NA,NA,NA,NA
INPA-H044763,LRM44,NA,G_underwoodi,Manaus,Amazonas,-3.076181,-59.961819,Adult,41.23,0.93,4.54,35.17,6.71,3.78,5.73,23.13,12.68,4.99,5.47,5.02,4.50,2.75,2.92,6.72,6.83,3.29,3.36,6.41,6.54,18,18,14,14
INPA-H044763,LRM44,NA,G_underwoodi,Manaus,Amazonas,-3.076181,-59.961819,Adult,41.89,0.93,4.66,35.80,6.53,3.59,5.73,22.77,12.73,4.95,5.68,4.95,4.33,3.02,3.19,6.71,6.83,3.00,3.30,6.54,6.86,18,18,14,14
INPA-H044761,LRM45,NA,G_underwoodi,Manaus,Amazonas,-3.079572,-59.96074,Adult,45.18,1.35,20.31,33.56,7.00,4.15,6.11,25.49,13.70,5.35,5.56,4.76,5.01,3.11,3.16,7.32,6.82,3.42,3.75,6.84,6.75,18,18,15,15
INPA-H044761,LRM45,NA,G_underwoodi,Manaus,Amazonas,-3.079572,-59.96074,Adult,46.03,1.35,20.71,34.22,7.04,3.96,6.13,26.14,13.96,5.47,5.83,4.85,4.50,3.34,3.37,7.22,7.12,3.19,3.60,7.19,6.95,18,18,15,15
INPA-H044753,LRM46,NA,G_underwoodi,Manaus,Amazonas,-3.089271,-59.97544,Adult,43.85,1.17,35.66,43.68,7.39,3.88,6.12,23.89,14.20,4.96,5.78,4.66,4.88,3.10,3.49,6.96,7.04,3.54,3.63,6.81,6.99,18,18,14,13
INPA-H044753,LRM46,NA,G_underwoodi,Manaus,Amazonas,-3.089271,-59.97544,Adult,44.45,1.17,35.46,43.60,7.36,3.68,6.10,23.83,14.31,5.37,5.74,4.66,4.82,3.38,3.86,6.86,6.97,3.26,3.29,7.12,6.86,18,18,14,13
INPA-H044770,LRM47,NA,G_underwoodi,Manaus,Amazonas,-3.076181,-59.961819,Juvenile,33.70,0.50,11.37,34.23,6.06,3.34,4.78,17.62,11.30,4.45,4.73,4.16,4.20,2.58,2.72,NA,6.17,3.01,2.88,5.80,5.85,NA,18,14,13
INPA-H044770,LRM47,NA,G_underwoodi,Manaus,Amazonas,-3.076181,-59.961819,Juvenile,33.82,0.50,11.52,34.72,6.21,3.18,4.82,17.59,11.29,4.58,4.72,4.13,4.05,2.85,2.86,NA,6.21,3.24,2.75,6.11,5.77,NA,18,14,13
INPA-H044765,LRM48,NA,G_underwoodi,Manaus,Amazonas,-3.076181,-59.961819,Adult,46.67,1.20,12.50,45.02,7.62,4.06,6.26,25.00,14.56,5.49,5.62,5.23,5.07,3.03,3.52,7.54,7.45,NA,3.46,NA,6.71,18,18,NA,13
INPA-H044765,LRM48,NA,G_underwoodi,Manaus,Amazonas,-3.076181,-59.961819,Adult,46.13,1.20,11.30,45.37,7.75,3.82,6.52,24.78,14.28,5.77,5.71,5.07,4.80,3.34,3.81,7.23,7.31,NA,3.54,NA,7.08,18,18,NA,13
INPA-H044751,LRM49,NA,G_underwoodi,Manaus,Amazonas,-3.079572,-59.96074,Adult,41.78,1.33,NA,71.70,6.65,3.66,5.60,22.09,12.61,4.96,6.13,5.01,4.59,3.16,3.13,7.32,7.36,3.64,3.32,6.80,6.62,18,17,13,13
INPA-H044751,LRM49,NA,G_underwoodi,Manaus,Amazonas,-3.079572,-59.96074,Adult,43.05,1.33,NA,73.83,6.76,3.62,5.87,23.00,12.88,5.34,6.37,4.95,4.53,3.45,3.31,7.29,7.25,3.56,3.27,7.19,7.11,18,17,13,13
INPA-H044749,LRM50,NA,G_underwoodi,Manaus,Amazonas,-3.089271,-59.97544,Adult,41.29,0.94,NA,70.15,6.81,3.88,5.69,22.18,13.18,4.89,5.68,4.64,4.37,2.76,2.99,6.90,6.92,3.72,3.28,6.61,6.50,17,17,14,14
INPA-H044749,LRM50,NA,G_underwoodi,Manaus,Amazonas,-3.089271,-59.97544,Adult,43.20,0.94,NA,72.62,7.34,4.09,6.00,23.34,13.82,5.22,5.68,4.59,4.40,3.02,3.27,7.03,7.01,3.54,3.29,6.88,7.05,17,17,14,14
INPA-H044771,LRM51,NA,G_underwoodi,Manaus,Amazonas,-3.089271,-59.97544,Adult,36.65,0.49,13.85,40.28,6.53,3.32,5.17,19.51,11.64,5.12,5.35,4.31,4.25,3.01,2.81,6.51,6.73,3.06,3.01,6.40,6.32,17,17,13,14
INPA-H044771,LRM51,NA,G_underwoodi,Manaus,Amazonas,-3.089271,-59.97544,Adult,37.13,0.49,14.09,40.83,6.66,3.35,5.29,20.21,11.85,5.19,5.43,4.07,4.03,3.22,2.78,6.54,6.70,2.85,2.84,6.44,6.49,17,17,13,14
INPA-H044748,LRM52,NA,G_underwoodi,Manaus,Amazonas,-3.089271,-59.97544,Adult,41.23,1.03,14.68,39.20,7.04,3.85,5.47,22.46,12.63,5.34,5.69,4.42,4.57,3.13,3.52,6.54,6.65,3.06,3.27,6.35,6.18,17,17,14,14
INPA-H044748,LRM52,NA,G_underwoodi,Manaus,Amazonas,-3.089271,-59.97544,Adult,43.18,1.03,15.37,40.91,7.03,3.97,5.64,23.60,12.62,5.47,5.48,4.34,4.55,3.45,3.74,6.60,6.74,2.82,3.12,6.56,6.14,17,17,14,14
INPA-H044756,LRM53,NA,G_underwoodi,Manaus,Amazonas,-3.09135,-59.989627,Adult,38.49,0.80,14.60,41.48,6.12,4.13,5.23,21.99,12.27,5.20,5.49,4.45,4.27,3.61,3.41,6.85,6.85,3.22,3.07,7.09,6.78,17,17,14,13
INPA-H044756,LRM53,NA,G_underwoodi,Manaus,Amazonas,-3.09135,-59.989627,Adult,38.97,0.80,15.16,42.43,5.94,3.95,5.23,21.26,12.28,5.04,5.28,4.70,4.19,3.71,3.49,6.83,6.86,3.21,3.35,7.05,6.71,17,17,14,13
INPA-H044750,LRM54,NA,G_underwoodi,Manaus,Amazonas,-3.09135,-59.989627,Adult,41.22,1.20,NA,65.56,7.18,4.31,5.77,22.81,12.80,4.75,5.89,4.57,5.02,4.04,4.07,7.14,7.21,3.52,3.20,7.06,7.11,17,17,13,14
INPA-H044750,LRM54,NA,G_underwoodi,Manaus,Amazonas,-3.09135,-59.989627,Adult,40.76,1.20,NA,65.28,7.08,4.26,5.69,22.53,12.50,4.65,5.85,4.62,4.90,3.78,3.66,7.24,7.03,3.42,3.20,7.00,7.09,17,17,13,14
INPA-H044772,LRM55,NA,G_underwoodi,Manaus,Amazonas,-3.09135,-59.989627,Adult,37.54,0.73,NA,58.12,6.46,3.41,5.04,19.87,12.12,4.61,5.00,4.25,4.45,3.57,3.93,6.60,6.69,3.39,3.36,6.71,6.76,17,16,14,13
INPA-H044772,LRM55,NA,G_underwoodi,Manaus,Amazonas,-3.09135,-59.989627,Adult,36.13,0.73,NA,56.27,6.25,3.34,5.02,18.86,11.69,4.30,4.93,3.99,4.15,3.47,4.09,6.39,6.58,3.28,3.05,6.46,6.45,17,16,14,13
INPA-H044757,LRM56,NA,G_underwoodi,Manaus,Amazonas,-3.09135,-59.989627,Adult,35.34,0.70,NA,56.24,6.12,3.38,4.92,18.31,11.63,4.47,4.98,4.03,4.14,3.63,3.56,6.20,6.50,2.97,2.98,6.40,6.53,16,16,12,14
INPA-H044757,LRM56,NA,G_underwoodi,Manaus,Amazonas,-3.09135,-59.989627,Adult,34.94,0.70,NA,55.40,6.11,3.44,4.98,18.36,11.73,4.72,5.09,4.01,4.46,3.60,3.47,6.23,6.49,3.03,3.07,6.42,6.56,16,16,12,14
INPA-H044773,LRM57,NA,G_underwoodi,Manaus,Amazonas,-3.09135,-59.989627,Adult,36.72,0.55,13.29,38.52,6.19,3.43,5.12,19.86,11.82,3.99,5.04,3.91,3.89,3.74,3.69,6.24,6.49,2.96,3.05,6.68,6.64,15,16,14,14
INPA-H044773,LRM57,NA,G_underwoodi,Manaus,Amazonas,-3.09135,-59.989627,Adult,35.13,0.55,12.81,37.10,6.31,3.49,4.89,18.76,11.50,4.19,4.72,3.90,3.69,3.78,3.50,6.19,6.27,2.87,3.04,6.29,6.47,15,16,14,14
INPA-H044754,LRM58,NA,G_underwoodi,Manaus,Amazonas,-3.09135,-59.989627,Adult,39.87,0.70,35.94,58.41,6.24,3.51,5.55,21.61,12.51,4.07,4.79,4.80,4.61,3.25,3.93,7.07,7.14,3.50,3.40,7.11,6.85,17,16,13,13
INPA-H044754,LRM58,NA,G_underwoodi,Manaus,Amazonas,-3.09135,-59.989627,Adult,38.93,0.70,34.54,56.60,6.23,3.40,5.47,20.30,12.16,4.43,4.95,4.54,4.47,3.51,3.97,6.82,6.88,3.44,3.57,6.82,6.76,17,16,13,13
INPA-H044766,LRM59,NA,G_underwoodi,Manaus,Amazonas,-3.09135,-59.989627,Adult,36.55,0.68,NA,64.51,5.93,3.62,5.11,19.22,11.88,4.53,5.63,4.04,4.05,3.57,3.67,6.70,6.74,3.24,3.37,6.32,6.18,17,18,14,13
INPA-H044766,LRM59,NA,G_underwoodi,Manaus,Amazonas,-3.09135,-59.989627,Adult,36.22,0.68,NA,63.67,5.89,3.68,5.12,19.45,11.87,4.99,5.99,3.91,3.98,3.76,3.81,6.67,6.78,3.26,3.46,6.19,6.08,17,18,14,13
INPA-H044755,LRM60,NA,G_underwoodi,Manaus,Amazonas,-3.09135,-59.989627,Adult,35.51,0.70,NA,52.83,5.99,3.60,4.65,17.98,11.60,4.39,4.86,3.47,3.79,3.17,3.29,5.95,5.91,3.02,3.00,5.85,5.63,16,17,13,13
INPA-H044755,LRM60,NA,G_underwoodi,Manaus,Amazonas,-3.09135,-59.989627,Adult,36.63,0.70,NA,58.15,6.08,3.64,5.08,19.79,11.84,4.26,4.87,3.85,4.04,3.25,3.13,6.55,6.53,3.28,3.20,6.44,6.22,16,17,13,13
