Sp,Lat,Lon,Alt,Locality,Country,Reference
Gymnophthalmus underwoodi,20.1392722,-75.2015972,44,Guantanamo,Cuba,"Alfolso Y.U., Hernandez Z. 2016. New records for Gymnophthalmus underwoodi (Squamata: Gymnophthalmidae) suggest another entry pathway on eastern Cuba. Revista Cubana de Ciencias Biológicas, 5(2): 1-4 "
Gymnophthalmus underwoodi,20.1639083,-75.2132972,64,Guantanamo,Cuba,"Alfolso Y.U., Hernandez Z. 2016. New records for Gymnophthalmus underwoodi (Squamata: Gymnophthalmidae) suggest another entry pathway on eastern Cuba. Revista Cubana de Ciencias Biológicas, 5(2): 1-5"
Gymnophthalmus underwoodi,20.1571861,-75.1889750,59,Guantanamo,Cuba,"Alfolso Y.U., Hernandez Z. 2016. New records for Gymnophthalmus underwoodi (Squamata: Gymnophthalmidae) suggest another entry pathway on eastern Cuba. Revista Cubana de Ciencias Biológicas, 5(2): 1-6"
Gymnophthalmus underwoodi,20.0562139,-75.1405361,11,Paraguay,Cuba,"Alfolso Y.U., Hernandez Z. 2016. New records for Gymnophthalmus underwoodi (Squamata: Gymnophthalmidae) suggest another entry pathway on eastern Cuba. Revista Cubana de Ciencias Biológicas, 5(2): 1-7"
Gymnophthalmus underwoodi,19.9882472,-75.1522139,8,Caimanera,Cuba,"Alfolso Y.U., Hernandez Z. 2016. New records for Gymnophthalmus underwoodi (Squamata: Gymnophthalmidae) suggest another entry pathway on eastern Cuba. Revista Cubana de Ciencias Biológicas, 5(2): 1-8"
Gymnophthalmus underwoodi,20.0447222,-75.6841667,41,Santiago de Cuba ,Cuba,"Alfonso Y.U., Casenave-Cambet A.C., Fong A., Díaz L.M. 2012. First record of the unisexual lizard Gymnophthalmus underwoodi (Squamata: Gymnophthalmidae) in Cuba. IRCF Reptiles & Amphibians, 19(1): 57-59"
Gymnophthalmus underwoodi,10.7350000,-61.0350000,350,Matura Forest,Trinidad and Tobago,"Auguste R.J. 2019. Herpetofauna checklist for six pilot protected areas in Trinidad and Tobago. Herpetology Notes, 12: 577-585"
Gymnophthalmus underwoodi,11.2876000,-60.5948000,200,Roxborough-Bloody Bay Road,Trinidad and Tobago,"Auguste R.J. 2019. Herpetofauna checklist for six pilot protected areas in Trinidad and Tobago. Herpetology Notes, 12: 577-586"
Gymnophthalmus underwoodi,10.3913000,-61.0406000,50,Bush Bush Wildlife Sanctuary,Trinidad and Tobago,"Auguste R.J. 2019. Herpetofauna checklist for six pilot protected areas in Trinidad and Tobago. Herpetology Notes, 12: 577-587"
Gymnophthalmus underwoodi,3.3635000,-61.4348000,128,Roraima,Brazil,"Recoder R.S., Vechio F.D., Marques-Souza S., Teixeira Jr M., Silva-da-Silva M., Santos-Jr A.P., Ribeiro S., Barrio-Amorós C., Rodrigues M.T. 2018. Geographic variation and taxonomy of red-tailed Gymnophthalmus (Squamata: Gymnophthalmidae) from Amazonian Savannas. Zootaxa, 4497(1): 061-081"
Gymnophthalmus underwoodi,6.7566778,-57.9901361,2,Lama Conservancy,Guyana,"Ribeiro-Júnior M.A., Amaral S. 2017. Catalogue of distribution of lizards (Reptilia: Squamata) from the Brazilian Amazonia. IV. Alopoglossidae, Gymnophthalmidae. Zootaxa, 4269 (2): 151-196"
Gymnophthalmus underwoodi,4.7400589,-56.2703587,98,Nickerie,Suriname,"Recoder R.S., Vechio F.D., Marques-Souza S., Teixeira Jr M., Silva-da-Silva M., Santos-Jr A.P., Ribeiro S., Barrio-Amorós C., Rodrigues M.T. 2018. Geographic variation and taxonomy of red-tailed Gymnophthalmus (Squamata: Gymnophthalmidae) from Amazonian Savannas. Zootaxa, 4497(1): 061-081"
Gymnophthalmus underwoodi,20.0169306,-75.8301528,21,Santiago de Cuba ,Cuba,"Borroto-Paez R., Bosch R.A., Fabres B.A., García O.A. Introduced Amphibians and Reptiles in the Cuban Archipelago. Herpetological Conservation and Biology, 10(3): 985-1012"
Gymnophthalmus underwoodi,20.0654056,-75.8067556,67,Santiago de Cuba ,Cuba,"Borroto-Paez R., Bosch R.A., Fabres B.A., García O.A. Introduced Amphibians and Reptiles in the Cuban Archipelago. Herpetological Conservation and Biology, 10(3): 985-1013"
Gymnophthalmus underwoodi,20.0277833,-75.8025500,37,Santiago de Cuba ,Cuba,"Borroto-Paez R., Bosch R.A., Fabres B.A., García O.A. Introduced Amphibians and Reptiles in the Cuban Archipelago. Herpetological Conservation and Biology, 10(3): 985-1014"
Gymnophthalmus underwoodi,15.8640000,-61.5850000,0,Les Saintes,Guadalupe,"Breuil M., Serre-Collet F. 2012. Gymnophthalmus underwoodi (Smooth-scaled Worm Lizard). Distribution. Caribbean Herpetology, 30:1. "
Gymnophthalmus underwoodi,13.1938861,-59.5431972,231,Sugar Hill,Barbados,"Cole C.J., Dessauer H.C., Townsend C.R., Arnold M.G. 1990. Unisexual lizard of the genus Gymnophthalmus (Reptilia: Teiidae) in the Neotropics: Genetics, Origin and Systematics. American Museum of Natural History, 2994"
Gymnophthalmus underwoodi,13.0812917,-59.5059167,77,Lowland,Barbados,"Cole C.J., Dessauer H.C., Townsend C.R., Arnold M.G. 1990. Unisexual lizard of the genus Gymnophthalmus (Reptilia: Teiidae) in the Neotropics: Genetics, Origin and Systematics. American Museum of Natural History, 2995"
Gymnophthalmus underwoodi,13.0758333,-59.5973694,12,Saint George,Barbados,"Cole C.J., Dessauer H.C., Townsend C.R., Arnold M.G. 1990. Unisexual lizard of the genus Gymnophthalmus (Reptilia: Teiidae) in the Neotropics: Genetics, Origin and Systematics. American Museum of Natural History, 2996"
Gymnophthalmus underwoodi,13.0849583,-59.5905028,53,Saint George,Barbados,"Cole C.J., Dessauer H.C., Townsend C.R., Arnold M.G. 1990. Unisexual lizard of the genus Gymnophthalmus (Reptilia: Teiidae) in the Neotropics: Genetics, Origin and Systematics. American Museum of Natural History, 2997"
Gymnophthalmus underwoodi,13.1938861,-59.5431972,322,Sugar Hill,Barbados,"Cole C.J., Dessauer H.C., Townsend C.R., Arnold M.G. 1990. Unisexual lizard of the genus Gymnophthalmus (Reptilia: Teiidae) in the Neotropics: Genetics, Origin and Systematics. American Museum of Natural History, 2998"
Gymnophthalmus underwoodi,13.2587972,-59.6437278,0,Saint James,Barbados,"Cole C.J., Dessauer H.C., Townsend C.R., Arnold M.G. 1990. Unisexual lizard of the genus Gymnophthalmus (Reptilia: Teiidae) in the Neotropics: Genetics, Origin and Systematics. American Museum of Natural History, 2999"
Gymnophthalmus underwoodi,13.1132222,-59.5988083,39,Gridgetown,Barbados,"Cole C.J., Dessauer H.C., Townsend C.R., Arnold M.G. 1990. Unisexual lizard of the genus Gymnophthalmus (Reptilia: Teiidae) in the Neotropics: Genetics, Origin and Systematics. American Museum of Natural History, 3000"
Gymnophthalmus underwoodi,13.1603333,-59.4310194,35,Marley Vale,Barbados,"Cole C.J., Dessauer H.C., Townsend C.R., Arnold M.G. 1990. Unisexual lizard of the genus Gymnophthalmus (Reptilia: Teiidae) in the Neotropics: Genetics, Origin and Systematics. American Museum of Natural History, 3001"
Gymnophthalmus underwoodi,13.1824333,-59.5033500,248,Gall Hill,Barbados,"Cole C.J., Dessauer H.C., Townsend C.R., Arnold M.G. 1990. Unisexual lizard of the genus Gymnophthalmus (Reptilia: Teiidae) in the Neotropics: Genetics, Origin and Systematics. American Museum of Natural History, 3002"
Gymnophthalmus underwoodi,13.1235389,-59.4345750,14,Long Bay,Barbados,"Cole C.J., Dessauer H.C., Townsend C.R., Arnold M.G. 1990. Unisexual lizard of the genus Gymnophthalmus (Reptilia: Teiidae) in the Neotropics: Genetics, Origin and Systematics. American Museum of Natural History, 3003"
Gymnophthalmus underwoodi,15.3087833,-61.3385194,508,Wotten Wave,Dominica,"Cole C.J., Dessauer H.C., Townsend C.R., Arnold M.G. 1990. Unisexual lizard of the genus Gymnophthalmus (Reptilia: Teiidae) in the Neotropics: Genetics, Origin and Systematics. American Museum of Natural History, 3004"
Gymnophthalmus underwoodi,4.9224194,-52.3134528,10,Cayenne,French Guiana,"Cole C.J., Dessauer H.C., Townsend C.R., Arnold M.G. 1990. Unisexual lizard of the genus Gymnophthalmus (Reptilia: Teiidae) in the Neotropics: Genetics, Origin and Systematics. American Museum of Natural History, 3005"
Gymnophthalmus underwoodi,5.4838806,-54.0248917,23,Saint-Laurent-du-Maroni,French Guiana,"Cole C.J., Dessauer H.C., Townsend C.R., Arnold M.G. 1990. Unisexual lizard of the genus Gymnophthalmus (Reptilia: Teiidae) in the Neotropics: Genetics, Origin and Systematics. American Museum of Natural History, 3006"
Gymnophthalmus underwoodi,12.1165000,-61.6790000,223,Morne Longue,Grenada,"Cole C.J., Dessauer H.C., Townsend C.R., Arnold M.G. 1990. Unisexual lizard of the genus Gymnophthalmus (Reptilia: Teiidae) in the Neotropics: Genetics, Origin and Systematics. American Museum of Natural History, 3007"
Gymnophthalmus underwoodi,12.0166667,-61.7666667,94,Morne Longue,Grenada,"Cole C.J., Dessauer H.C., Townsend C.R., Arnold M.G. 1990. Unisexual lizard of the genus Gymnophthalmus (Reptilia: Teiidae) in the Neotropics: Genetics, Origin and Systematics. American Museum of Natural History, 3008"
Gymnophthalmus underwoodi,15.9965750,-61.7317000,9,Basse Terre,Guadalupe,"Cole C.J., Dessauer H.C., Townsend C.R., Arnold M.G. 1990. Unisexual lizard of the genus Gymnophthalmus (Reptilia: Teiidae) in the Neotropics: Genetics, Origin and Systematics. American Museum of Natural History, 3009"
Gymnophthalmus underwoodi,16.0019667,-61.5992167,15,Capesterre-Belle-Eau,Guadalupe,"Cole C.J., Dessauer H.C., Townsend C.R., Arnold M.G. 1990. Unisexual lizard of the genus Gymnophthalmus (Reptilia: Teiidae) in the Neotropics: Genetics, Origin and Systematics. American Museum of Natural History, 3010"
Gymnophthalmus underwoodi,16.2732361,-61.4668972,51,Grande-Terre,Guadalupe,"Cole C.J., Dessauer H.C., Townsend C.R., Arnold M.G. 1990. Unisexual lizard of the genus Gymnophthalmus (Reptilia: Teiidae) in the Neotropics: Genetics, Origin and Systematics. American Museum of Natural History, 3011"
Gymnophthalmus underwoodi,16.5045056,-61.4625167,17,Point de la grande vigie,Guadalupe,"Cole C.J., Dessauer H.C., Townsend C.R., Arnold M.G. 1990. Unisexual lizard of the genus Gymnophthalmus (Reptilia: Teiidae) in the Neotropics: Genetics, Origin and Systematics. American Museum of Natural History, 3012"
Gymnophthalmus underwoodi,16.2666667,-61.4333333,99,Grande-Terre,Guadalupe,"Cole C.J., Dessauer H.C., Townsend C.R., Arnold M.G. 1990. Unisexual lizard of the genus Gymnophthalmus (Reptilia: Teiidae) in the Neotropics: Genetics, Origin and Systematics. American Museum of Natural History, 3013"
Gymnophthalmus underwoodi,16.2556028,-61.5222694,15,Pointe-à-Pitre,Guadalupe,"Cole C.J., Dessauer H.C., Townsend C.R., Arnold M.G. 1990. Unisexual lizard of the genus Gymnophthalmus (Reptilia: Teiidae) in the Neotropics: Genetics, Origin and Systematics. American Museum of Natural History, 3014"
Gymnophthalmus underwoodi,6.7566778,-57.9901361,2,Enmore,Guyana,"Cole C.J., Dessauer H.C., Townsend C.R., Arnold M.G. 1990. Unisexual lizard of the genus Gymnophthalmus (Reptilia: Teiidae) in the Neotropics: Genetics, Origin and Systematics. American Museum of Natural History, 3015"
Gymnophthalmus underwoodi,6.8012806,-58.1551250,3,Georgetown,Guyana,"Cole C.J., Dessauer H.C., Townsend C.R., Arnold M.G. 1990. Unisexual lizard of the genus Gymnophthalmus (Reptilia: Teiidae) in the Neotropics: Genetics, Origin and Systematics. American Museum of Natural History, 3016"
Gymnophthalmus underwoodi,6.8137750,-58.1565917,4,Georgetown,Guyana,"Cole C.J., Dessauer H.C., Townsend C.R., Arnold M.G. 1990. Unisexual lizard of the genus Gymnophthalmus (Reptilia: Teiidae) in the Neotropics: Genetics, Origin and Systematics. American Museum of Natural History, 3017"
Gymnophthalmus underwoodi,6.8063722,-58.1451611,5,Georgetown,Guyana,"Cole C.J., Dessauer H.C., Townsend C.R., Arnold M.G. 1990. Unisexual lizard of the genus Gymnophthalmus (Reptilia: Teiidae) in the Neotropics: Genetics, Origin and Systematics. American Museum of Natural History, 3018"
Gymnophthalmus underwoodi,5.7787861,-58.3821778,17,Demerara,Guyana,"Cole C.J., Dessauer H.C., Townsend C.R., Arnold M.G. 1990. Unisexual lizard of the genus Gymnophthalmus (Reptilia: Teiidae) in the Neotropics: Genetics, Origin and Systematics. American Museum of Natural History, 3019"
Gymnophthalmus underwoodi,6.4334450,-58.7719517,86,Mazaruri,Guyana,"Cole C.J., Dessauer H.C., Townsend C.R., Arnold M.G. 1990. Unisexual lizard of the genus Gymnophthalmus (Reptilia: Teiidae) in the Neotropics: Genetics, Origin and Systematics. American Museum of Natural History, 3020"
Gymnophthalmus underwoodi,6.4334450,-58.7719517,86,Mazaruri,Guyana,"Cole C.J., Dessauer H.C., Townsend C.R., Arnold M.G. 1990. Unisexual lizard of the genus Gymnophthalmus (Reptilia: Teiidae) in the Neotropics: Genetics, Origin and Systematics. American Museum of Natural History, 3021"
Gymnophthalmus underwoodi,13.2509750,-61.1863472,869,Saint Vicent Island ,Saint Vicent Island ,"Cole C.J., Dessauer H.C., Townsend C.R., Arnold M.G. 1990. Unisexual lizard of the genus Gymnophthalmus (Reptilia: Teiidae) in the Neotropics: Genetics, Origin and Systematics. American Museum of Natural History, 3022"
Gymnophthalmus underwoodi,13.1600250,-61.2248167,36,Saint Vicent Island ,Saint Vicent Island ,"Cole C.J., Dessauer H.C., Townsend C.R., Arnold M.G. 1990. Unisexual lizard of the genus Gymnophthalmus (Reptilia: Teiidae) in the Neotropics: Genetics, Origin and Systematics. American Museum of Natural History, 3023"
Gymnophthalmus underwoodi,13.1411250,-61.2248056,65,Saint Vicent Island ,Saint Vicent Island ,"Cole C.J., Dessauer H.C., Townsend C.R., Arnold M.G. 1990. Unisexual lizard of the genus Gymnophthalmus (Reptilia: Teiidae) in the Neotropics: Genetics, Origin and Systematics. American Museum of Natural History, 3024"
Gymnophthalmus underwoodi,13.1734694,-61.2444889,46,Saint Vicent Island ,Saint Vicent Island ,"Cole C.J., Dessauer H.C., Townsend C.R., Arnold M.G. 1990. Unisexual lizard of the genus Gymnophthalmus (Reptilia: Teiidae) in the Neotropics: Genetics, Origin and Systematics. American Museum of Natural History, 3025"
Gymnophthalmus underwoodi,13.1510583,-61.2185333,81,Saint Vicent Island ,Saint Vicent Island ,"Cole C.J., Dessauer H.C., Townsend C.R., Arnold M.G. 1990. Unisexual lizard of the genus Gymnophthalmus (Reptilia: Teiidae) in the Neotropics: Genetics, Origin and Systematics. American Museum of Natural History, 3026"
Gymnophthalmus underwoodi,13.2509750,-61.1863472,185,Saint Vicent Island ,Saint Vicent Island ,"Cole C.J., Dessauer H.C., Townsend C.R., Arnold M.G. 1990. Unisexual lizard of the genus Gymnophthalmus (Reptilia: Teiidae) in the Neotropics: Genetics, Origin and Systematics. American Museum of Natural History, 3027"
Gymnophthalmus underwoodi,13.1317194,-61.1858972,70,Saint Vicent Island ,Saint Vicent Island ,"Cole C.J., Dessauer H.C., Townsend C.R., Arnold M.G. 1990. Unisexual lizard of the genus Gymnophthalmus (Reptilia: Teiidae) in the Neotropics: Genetics, Origin and Systematics. American Museum of Natural History, 3028"
Gymnophthalmus underwoodi,18.3380972,-64.8940944,52,Anna's Retreat,St. Thomas,"Cole C.J., Dessauer H.C., Townsend C.R., Arnold M.G. 1990. Unisexual lizard of the genus Gymnophthalmus (Reptilia: Teiidae) in the Neotropics: Genetics, Origin and Systematics. American Museum of Natural History, 3029"
Gymnophthalmus underwoodi,4.9962000,-54.9898000,43,Brokopondo,Suriname,"Cole C.J., Dessauer H.C., Townsend C.R., Arnold M.G. 1990. Unisexual lizard of the genus Gymnophthalmus (Reptilia: Teiidae) in the Neotropics: Genetics, Origin and Systematics. American Museum of Natural History, 3030"
Gymnophthalmus underwoodi,5.8520361,-55.2038278,4,Paramaribo,Suriname,"Cole C.J., Dessauer H.C., Townsend C.R., Arnold M.G. 1990. Unisexual lizard of the genus Gymnophthalmus (Reptilia: Teiidae) in the Neotropics: Genetics, Origin and Systematics. American Museum of Natural History, 3031"
Gymnophthalmus underwoodi,5.6979333,-55.2203972,13,Lelydorp,Suriname,"Cole C.J., Dessauer H.C., Townsend C.R., Arnold M.G. 1990. Unisexual lizard of the genus Gymnophthalmus (Reptilia: Teiidae) in the Neotropics: Genetics, Origin and Systematics. American Museum of Natural History, 3032"
Gymnophthalmus underwoodi,5.5375833,-54.0510111,17,Christiaankondre,Suriname,"Cole C.J., Dessauer H.C., Townsend C.R., Arnold M.G. 1990. Unisexual lizard of the genus Gymnophthalmus (Reptilia: Teiidae) in the Neotropics: Genetics, Origin and Systematics. American Museum of Natural History, 3033"
Gymnophthalmus underwoodi,10.6926167,-61.2896556,245,Verdant Vale,Trinidad and Tobago,"Cole C.J., Dessauer H.C., Townsend C.R., Arnold M.G. 1990. Unisexual lizard of the genus Gymnophthalmus (Reptilia: Teiidae) in the Neotropics: Genetics, Origin and Systematics. American Museum of Natural History, 3034"
Gymnophthalmus underwoodi,10.6918028,-61.2225028,221,Verdant Vale,Trinidad and Tobago,"Cole C.J., Dessauer H.C., Townsend C.R., Arnold M.G. 1990. Unisexual lizard of the genus Gymnophthalmus (Reptilia: Teiidae) in the Neotropics: Genetics, Origin and Systematics. American Museum of Natural History, 3035"
Gymnophthalmus underwoodi,10.8308667,-60.9496444,41,Toco ,Trinidad and Tobago,"Cole C.J., Dessauer H.C., Townsend C.R., Arnold M.G. 1990. Unisexual lizard of the genus Gymnophthalmus (Reptilia: Teiidae) in the Neotropics: Genetics, Origin and Systematics. American Museum of Natural History, 3036"
Gymnophthalmus underwoodi,10.8292639,-61.0526861,9,Grande Riviere Bay,Trinidad and Tobago,"Cole C.J., Dessauer H.C., Townsend C.R., Arnold M.G. 1990. Unisexual lizard of the genus Gymnophthalmus (Reptilia: Teiidae) in the Neotropics: Genetics, Origin and Systematics. American Museum of Natural History, 3037"
Gymnophthalmus underwoodi,10.2803444,-61.0296694,59,Mayaro ,Trinidad and Tobago,"Cole C.J., Dessauer H.C., Townsend C.R., Arnold M.G. 1990. Unisexual lizard of the genus Gymnophthalmus (Reptilia: Teiidae) in the Neotropics: Genetics, Origin and Systematics. American Museum of Natural History, 3038"
Gymnophthalmus underwoodi,10.8311444,-60.9496444,36,Toco ,Trinidad and Tobago,"Cole C.J., Dessauer H.C., Townsend C.R., Arnold M.G. 1990. Unisexual lizard of the genus Gymnophthalmus (Reptilia: Teiidae) in the Neotropics: Genetics, Origin and Systematics. American Museum of Natural History, 3039"
Gymnophthalmus underwoodi,10.6449861,-61.4627972,10,San Juan,Trinidad and Tobago,"Cole C.J., Dessauer H.C., Townsend C.R., Arnold M.G. 1990. Unisexual lizard of the genus Gymnophthalmus (Reptilia: Teiidae) in the Neotropics: Genetics, Origin and Systematics. American Museum of Natural History, 3040"
Gymnophthalmus underwoodi,10.7712806,-61.2452167,221,Blanchisseuse,Trinidad and Tobago,"Cole C.J., Dessauer H.C., Townsend C.R., Arnold M.G. 1990. Unisexual lizard of the genus Gymnophthalmus (Reptilia: Teiidae) in the Neotropics: Genetics, Origin and Systematics. American Museum of Natural History, 3041"
Gymnophthalmus underwoodi,10.6603194,-61.5085639,21,San Juan,Trinidad and Tobago,"Cole C.J., Dessauer H.C., Townsend C.R., Arnold M.G. 1990. Unisexual lizard of the genus Gymnophthalmus (Reptilia: Teiidae) in the Neotropics: Genetics, Origin and Systematics. American Museum of Natural History, 3042"
Gymnophthalmus underwoodi,10.7161889,-61.4681917,76,San Juan,Trinidad and Tobago,"Cole C.J., Dessauer H.C., Townsend C.R., Arnold M.G. 1990. Unisexual lizard of the genus Gymnophthalmus (Reptilia: Teiidae) in the Neotropics: Genetics, Origin and Systematics. American Museum of Natural History, 3043"
Gymnophthalmus underwoodi,10.6473417,-61.3997778,29,San Juan,Trinidad and Tobago,"Cole C.J., Dessauer H.C., Townsend C.R., Arnold M.G. 1990. Unisexual lizard of the genus Gymnophthalmus (Reptilia: Teiidae) in the Neotropics: Genetics, Origin and Systematics. American Museum of Natural History, 3044"
Gymnophthalmus underwoodi,10.6415861,-61.3994722,25,San Juan,Trinidad and Tobago,"Cole C.J., Dessauer H.C., Townsend C.R., Arnold M.G. 1990. Unisexual lizard of the genus Gymnophthalmus (Reptilia: Teiidae) in the Neotropics: Genetics, Origin and Systematics. American Museum of Natural History, 3045"
Gymnophthalmus underwoodi,3.7778000,-59.3917000,115,Karanambo,Guyana,"Cole C.J., Townsend C.R., Reynolds R.P., MacCulloch R.D., Lathrop A. 2013. Amphibians and reptiles of Guyana, South America. Illustrated keys, annotated species accounts, and a biogeographic synopsis. Proceedings of the Biological Societ of Washington, 125(4): 317-578"
Gymnophthalmus underwoodi,3.7778000,-59.3917000,91,Karanambo,Guyana,"Cole C.J., Townsend C.R., Reynolds R.P., MacCulloch R.D., Lathrop A. 2013. Amphibians and reptiles of Guyana, South America. Illustrated keys, annotated species accounts, and a biogeographic synopsis. Proceedings of the Biological Societ of Washington, 125(4): 317-579"
Gymnophthalmus underwoodi,5.6819444,-57.8588889,30,Zion,Guyana,"Cole C.J., Townsend C.R., Reynolds R.P., MacCulloch R.D., Lathrop A. 2013. Amphibians and reptiles of Guyana, South America. Illustrated keys, annotated species accounts, and a biogeographic synopsis. Proceedings of the Biological Societ of Washington, 125(4): 317-580"
Gymnophthalmus underwoodi,5.0850000,-58.2372222,60,Kwakwanu,Guyana,"Cole C.J., Townsend C.R., Reynolds R.P., MacCulloch R.D., Lathrop A. 2013. Amphibians and reptiles of Guyana, South America. Illustrated keys, annotated species accounts, and a biogeographic synopsis. Proceedings of the Biological Societ of Washington, 125(4): 317-581"
Gymnophthalmus underwoodi,6.4991667,-58.2183333,22,Timehri,Guyana,"Cole C.J., Townsend C.R., Reynolds R.P., MacCulloch R.D., Lathrop A. 2013. Amphibians and reptiles of Guyana, South America. Illustrated keys, annotated species accounts, and a biogeographic synopsis. Proceedings of the Biological Societ of Washington, 125(4): 317-582"
Gymnophthalmus underwoodi,17.1666667,-61.9166667,402,Saint John,Antigua,"Daltry J.C. 2007. Na introduction to the herpetofauna of Antigua, Barbuda and Redonda, with some conservations recommendations. Applied Herpetology, 4:97-130"
Gymnophthalmus underwoodi,17.5833333,-61.8000000,39,Pink sand beach,Barbuda,"Daltry J.C. 2007. Na introduction to the herpetofauna of Antigua, Barbuda and Redonda, with some conservations recommendations. Applied Herpetology, 4:97-131"
Gymnophthalmus underwoodi,3.2775500,-59.8833806,93,Roraima,Brazil,"Faria R.E.S., Vogt R.C. 2020. Gymnophthalmus underwoodi (Smooth-scaled Worm lizard). Herpetological Review, 51(1)"
Gymnophthalmus underwoodi,6.9750000,-62.9000000,283,Bolivar,Venezuela,"Gorzula S., Señaris J.C. 1998. Contribution to the herpetofauna of the Venezuela Guyana I. A data base. Scientia Guaianae, 8. "
Gymnophthalmus underwoodi,7.2667000,-62.4500000,245,Bolivar,Venezuela,"Gorzula S., Señaris J.C. 1998. Contribution to the herpetofauna of the Venezuela Guyana I. A data base. Scientia Guaianae, 8. "
Gymnophthalmus underwoodi,7.3833000,-62.8667000,106,Bolivar,Venezuela,"Gorzula S., Señaris J.C. 1998. Contribution to the herpetofauna of the Venezuela Guyana I. A data base. Scientia Guaianae, 8. "
Gymnophthalmus underwoodi,8.3167000,-62.7000000,125,Bolivar,Venezuela,"Gorzula S., Señaris J.C. 1998. Contribution to the herpetofauna of the Venezuela Guyana I. A data base. Scientia Guaianae, 8. "
Gymnophthalmus underwoodi,8.5167000,-62.3667000,9,Delta Amacuro,Venezuela,"Gorzula S., Señaris J.C. 1998. Contribution to the herpetofauna of the Venezuela Guyana I. A data base. Scientia Guaianae, 8. "
Gymnophthalmus underwoodi,13.0800639,-59.4876444,59,Charnocks,Barbados,"Grant C. 1958. A new Gymnophthalmus (Reptilia: Teidae) from Barbados, B.W.I. Herpetologica, 14(4): 227-228"
Gymnophthalmus underwoodi,4.9166667,-55.1166667,43,Tonka Island,Suriname,"Jairam R. 2016. Attempted predation on a Smooth-scaled Worm Lizard, Gymnophthalmus underwoodi (Grant 1958) by a Rainbow Whiptail, Cnemidophorus lemniscatus (Linnaeus 1758) in Suriname. IRCF Reptiles & Amphibians, 23(2): 93-94"
Gymnophthalmus underwoodi,17.3433806,-62.7559056,443,Cayon,St. Kitts island,Orchard K. 2010. Gymnophthalmus underwoodi (Smooth-scaled Worm Lizard). Distribution. Caribbean Herpetology 12:1
Gymnophthalmus underwoodi,17.9055000,-62.7931944,23,Petit Cul-de-sac,Saint-Barthélemy,"Questel K., Boggio J. 2012. Gymnophthalmus underwoodi (Smooth-scaled Worm Lizard). Distribution. Caribbean Herpetology, 36:1"
Gymnophthalmus underwoodi,-3.0768611,-59.9613056,72,Manaus,Brazil,"Recoder R.S., Vechio F.D., Marques-Souza S., Teixeira Jr M., Silva-da-Silva M., Santos-Jr A.P., Ribeiro S., Barrio-Amorós C., Rodrigues M.T. 2018. Geographic variation and taxonomy of red-tailed Gymnophthalmus (Squamata: Gymnophthalmidae) from Amazonian Savannas. Zootaxa, 4497(1): 061-081"
Gymnophthalmus underwoodi,3.3635000,-61.4348000,183,Roraima,Brazil,"Recoder R.S., Vechio F.D., Marques-Souza S., Teixeira Jr M., Silva-da-Silva M., Santos-Jr A.P., Ribeiro S., Barrio-Amorós C., Rodrigues M.T. 2018. Geographic variation and taxonomy of red-tailed Gymnophthalmus (Squamata: Gymnophthalmidae) from Amazonian Savannas. Zootaxa, 4497(1): 061-082"
Gymnophthalmus underwoodi,5.7418278,-54.0303333,8,Galibi,Suriname,"Recoder R.S., Vechio F.D., Marques-Souza S., Teixeira Jr M., Silva-da-Silva M., Santos-Jr A.P., Ribeiro S., Barrio-Amorós C., Rodrigues M.T. 2018. Geographic variation and taxonomy of red-tailed Gymnophthalmus (Squamata: Gymnophthalmidae) from Amazonian Savannas. Zootaxa, 4497(1): 061-083"
Gymnophthalmus underwoodi,-0.2908000,-65.5268000,80,Amazonas,Brazil,"Recoder R.S., Vechio F.D., Marques-Souza S., Teixeira Jr M., Silva-da-Silva M., Santos-Jr A.P., Ribeiro S., Barrio-Amorós C., Rodrigues M.T. 2018. Geographic variation and taxonomy of red-tailed Gymnophthalmus (Squamata: Gymnophthalmidae) from Amazonian Savannas. Zootaxa, 4497(1): 061-084"
Gymnophthalmus underwoodi,3.8933700,-51.8830000,38,São Jorge do Oiapoque,Suriname,"Recoder R.S., Vechio F.D., Marques-Souza S., Teixeira Jr M., Silva-da-Silva M., Santos-Jr A.P., Ribeiro S., Barrio-Amorós C., Rodrigues M.T. 2018. Geographic variation and taxonomy of red-tailed Gymnophthalmus (Squamata: Gymnophthalmidae) from Amazonian Savannas. Zootaxa, 4497(1): 061-085"
Gymnophthalmus underwoodi,5.8369111,-56.7514333,2,Wageningen,Suriname,"Recoder R.S., Vechio F.D., Marques-Souza S., Teixeira Jr M., Silva-da-Silva M., Santos-Jr A.P., Ribeiro S., Barrio-Amorós C., Rodrigues M.T. 2018. Geographic variation and taxonomy of red-tailed Gymnophthalmus (Squamata: Gymnophthalmidae) from Amazonian Savannas. Zootaxa, 4497(1): 061-086"
Gymnophthalmus underwoodi,7.1167000,-62.6167000,314,La Calceta,Venezuela,"Recoder R.S., Vechio F.D., Marques-Souza S., Teixeira Jr M., Silva-da-Silva M., Santos-Jr A.P., Ribeiro S., Barrio-Amorós C., Rodrigues M.T. 2018. Geographic variation and taxonomy of red-tailed Gymnophthalmus (Squamata: Gymnophthalmidae) from Amazonian Savannas. Zootaxa, 4497(1): 061-087"
Gymnophthalmus underwoodi,7.4833000,-62.5333000,270,La Calceta,Venezuela,"Recoder R.S., Vechio F.D., Marques-Souza S., Teixeira Jr M., Silva-da-Silva M., Santos-Jr A.P., Ribeiro S., Barrio-Amorós C., Rodrigues M.T. 2018. Geographic variation and taxonomy of red-tailed Gymnophthalmus (Squamata: Gymnophthalmidae) from Amazonian Savannas. Zootaxa, 4497(1): 061-088"
Gymnophthalmus underwoodi,15.5863139,-61.4741944,92,Cabrits National Parik,Dominica,"Ribeiro-Júnior M.A., Amaral S. 2017. Catalogue of distribution of lizards (Reptilia: Squamata) from the Brazilian Amazonia. IV. Alopoglossidae, Gymnophthalmidae. Zootaxa, 4269 (2): 151-196"
Gymnophthalmus underwoodi,16.2556028,-61.5276528,6,Raizet,Guadalupe,"Ribeiro-Júnior M.A., Amaral S. 2017. Catalogue of distribution of lizards (Reptilia: Squamata) from the Brazilian Amazonia. IV. Alopoglossidae, Gymnophthalmidae. Zootaxa, 4269 (2): 151-197"
Gymnophthalmus underwoodi,-0.4527000,-64.7308000,67,Amazonas,Brazil,"Ribeiro-Júnior M.A., Amaral S. 2017. Catalogue of distribution of lizards (Reptilia: Squamata) from the Brazilian Amazonia. IV. Alopoglossidae, Gymnophthalmidae. Zootaxa, 4269 (2): 151-198"
Gymnophthalmus underwoodi,-0.4103000,-65.0107000,45,Amazonas,Brazil,"Ribeiro-Júnior M.A., Amaral S. 2017. Catalogue of distribution of lizards (Reptilia: Squamata) from the Brazilian Amazonia. IV. Alopoglossidae, Gymnophthalmidae. Zootaxa, 4269 (2): 151-199"
Gymnophthalmus underwoodi,1.7907000,-62.2689000,84,Roraima,Brazil,"Ribeiro-Júnior M.A., Amaral S. 2017. Catalogue of distribution of lizards (Reptilia: Squamata) from the Brazilian Amazonia. IV. Alopoglossidae, Gymnophthalmidae. Zootaxa, 4269 (2): 151-200"
Gymnophthalmus underwoodi,-0.9739917,-62.9255722,36,Amazonas,Brazil,"Ribeiro-Júnior M.A., Amaral S. 2017. Catalogue of distribution of lizards (Reptilia: Squamata) from the Brazilian Amazonia. IV. Alopoglossidae, Gymnophthalmidae. Zootaxa, 4269 (2): 151-201"
Gymnophthalmus underwoodi,1.7180167,-62.3012167,121,Roraima,Brazil,"Ribeiro-Júnior M.A., Amaral S. 2017. Catalogue of distribution of lizards (Reptilia: Squamata) from the Brazilian Amazonia. IV. Alopoglossidae, Gymnophthalmidae. Zootaxa, 4269 (2): 151-202"
Gymnophthalmus underwoodi,2.1000000,-56.0333333,317,Sipaliwini Savanna Nature Preserve,Suriname,"Ribeiro-Júnior M.A., Amaral S. 2017. Catalogue of distribution of lizards (Reptilia: Squamata) from the Brazilian Amazonia. IV. Alopoglossidae, Gymnophthalmidae. Zootaxa, 4269 (2): 151-203"
Gymnophthalmus underwoodi,2.4003000,-59.0674000,189,Isherton,Guyana,"Ribeiro-Júnior M.A., Amaral S. 2017. Catalogue of distribution of lizards (Reptilia: Squamata) from the Brazilian Amazonia. IV. Alopoglossidae, Gymnophthalmidae. Zootaxa, 4269 (2): 151-204"
Gymnophthalmus underwoodi,2.5532000,-61.3110000,118,Roraima,Brazil,"Ribeiro-Júnior M.A., Amaral S. 2017. Catalogue of distribution of lizards (Reptilia: Squamata) from the Brazilian Amazonia. IV. Alopoglossidae, Gymnophthalmidae. Zootaxa, 4269 (2): 151-205"
Gymnophthalmus underwoodi,2.9193056,-56.0277833,248,Christiaankondre,Suriname,"Ribeiro-Júnior M.A., Amaral S. 2017. Catalogue of distribution of lizards (Reptilia: Squamata) from the Brazilian Amazonia. IV. Alopoglossidae, Gymnophthalmidae. Zootaxa, 4269 (2): 151-206"
Gymnophthalmus underwoodi,2.5528000,-59.3611000,109,Karanambo,Guyana,"Ribeiro-Júnior M.A., Amaral S. 2017. Catalogue of distribution of lizards (Reptilia: Squamata) from the Brazilian Amazonia. IV. Alopoglossidae, Gymnophthalmidae. Zootaxa, 4269 (2): 151-207"
Gymnophthalmus underwoodi,3.3181000,-61.4242000,106,Roraima,Brazil,"Ribeiro-Júnior M.A., Amaral S. 2017. Catalogue of distribution of lizards (Reptilia: Squamata) from the Brazilian Amazonia. IV. Alopoglossidae, Gymnophthalmidae. Zootaxa, 4269 (2): 151-208"
Gymnophthalmus underwoodi,3.3635000,-61.4348000,183,Roraima,Brazil,"Ribeiro-Júnior M.A., Amaral S. 2017. Catalogue of distribution of lizards (Reptilia: Squamata) from the Brazilian Amazonia. IV. Alopoglossidae, Gymnophthalmidae. Zootaxa, 4269 (2): 151-209"
Gymnophthalmus underwoodi,3.6611000,-59.3529000,85,Yupukari,Guyana,"Ribeiro-Júnior M.A., Amaral S. 2017. Catalogue of distribution of lizards (Reptilia: Squamata) from the Brazilian Amazonia. IV. Alopoglossidae, Gymnophthalmidae. Zootaxa, 4269 (2): 151-210"
Gymnophthalmus underwoodi,5.3904361,-57.9804333,21,Kwakwanu,Guyana,"Ribeiro-Júnior M.A., Amaral S. 2017. Catalogue of distribution of lizards (Reptilia: Squamata) from the Brazilian Amazonia. IV. Alopoglossidae, Gymnophthalmidae. Zootaxa, 4269 (2): 151-211"
Gymnophthalmus underwoodi,5.7044583,-54.0286611,2,Langamankondre,Suriname,"Ribeiro-Júnior M.A., Amaral S. 2017. Catalogue of distribution of lizards (Reptilia: Squamata) from the Brazilian Amazonia. IV. Alopoglossidae, Gymnophthalmidae. Zootaxa, 4269 (2): 151-212"
Gymnophthalmus underwoodi,5.8197250,-55.1874194,6,Paramaribo,Suriname,"Ribeiro-Júnior M.A., Amaral S. 2017. Catalogue of distribution of lizards (Reptilia: Squamata) from the Brazilian Amazonia. IV. Alopoglossidae, Gymnophthalmidae. Zootaxa, 4269 (2): 151-213"
Gymnophthalmus underwoodi,7.5637750,-69.1417278,83,Mantecal ,Venezuela,"Ribeiro-Júnior M.A., Amaral S. 2017. Catalogue of distribution of lizards (Reptilia: Squamata) from the Brazilian Amazonia. IV. Alopoglossidae, Gymnophthalmidae. Zootaxa, 4269 (2): 151-214"
Gymnophthalmus underwoodi,10.4932583,-61.0434889,3,Manzanilla Beach,Trinidad and Tobago,"Ribeiro-Júnior M.A., Amaral S. 2017. Catalogue of distribution of lizards (Reptilia: Squamata) from the Brazilian Amazonia. IV. Alopoglossidae, Gymnophthalmidae. Zootaxa, 4269 (2): 151-215"
Gymnophthalmus underwoodi,10.6908806,-61.7517222,91,Chacachacare,Trinidad and Tobago,"Ribeiro-Júnior M.A., Amaral S. 2017. Catalogue of distribution of lizards (Reptilia: Squamata) from the Brazilian Amazonia. IV. Alopoglossidae, Gymnophthalmidae. Zootaxa, 4269 (2): 151-216"
Gymnophthalmus underwoodi,13.0117056,-61.2272306,128,Bequia,Saint Vicent and the Grenadines,"Ribeiro-Júnior M.A., Amaral S. 2017. Catalogue of distribution of lizards (Reptilia: Squamata) from the Brazilian Amazonia. IV. Alopoglossidae, Gymnophthalmidae. Zootaxa, 4269 (2): 151-217"
Gymnophthalmus underwoodi,15.2342611,-61.3491778,102,Soufriere Sulphur Springs National Park,Dominica,"Ribeiro-Júnior M.A., Amaral S. 2017. Catalogue of distribution of lizards (Reptilia: Squamata) from the Brazilian Amazonia. IV. Alopoglossidae, Gymnophthalmidae. Zootaxa, 4269 (2): 151-218"
Gymnophthalmus underwoodi,15.2545861,-61.3676861,203,Point Michel,Dominica,"Ribeiro-Júnior M.A., Amaral S. 2017. Catalogue of distribution of lizards (Reptilia: Squamata) from the Brazilian Amazonia. IV. Alopoglossidae, Gymnophthalmidae. Zootaxa, 4269 (2): 151-219"
Gymnophthalmus underwoodi,15.4150000,-61.3709750,292,Coulibri,Dominica,"Ribeiro-Júnior M.A., Amaral S. 2017. Catalogue of distribution of lizards (Reptilia: Squamata) from the Brazilian Amazonia. IV. Alopoglossidae, Gymnophthalmidae. Zootaxa, 4269 (2): 151-220"
Gymnophthalmus underwoodi,15.5134056,-61.4654361,78,Dublanc,Dominica,"Ribeiro-Júnior M.A., Amaral S. 2017. Catalogue of distribution of lizards (Reptilia: Squamata) from the Brazilian Amazonia. IV. Alopoglossidae, Gymnophthalmidae. Zootaxa, 4269 (2): 151-221"
Gymnophthalmus underwoodi,15.5561778,-61.4581389,24,Portsmouth ,Dominica,"Ribeiro-Júnior M.A., Amaral S. 2017. Catalogue of distribution of lizards (Reptilia: Squamata) from the Brazilian Amazonia. IV. Alopoglossidae, Gymnophthalmidae. Zootaxa, 4269 (2): 151-222"
Gymnophthalmus underwoodi,16.4718611,-61.5086250,19,Anse-Bertrand,Guadalupe,"Ribeiro-Júnior M.A., Amaral S. 2017. Catalogue of distribution of lizards (Reptilia: Squamata) from the Brazilian Amazonia. IV. Alopoglossidae, Gymnophthalmidae. Zootaxa, 4269 (2): 151-223"
Gymnophthalmus underwoodi,20.8780556,-76.2721944,140,Holquín Province,Cuba,"Salass D. 2020. New Cuban locality records for the Smooth-scaled Tegulet, Gymnophthalmus underwoodi Grant 1958. Reptiles & Amphibians, 27(3): 541-542"
Gymnophthalmus underwoodi,22.9902778,-82.4658333,82,La Habana Province,Cuba,"Salass D. 2020. New Cuban locality records for the Smooth-scaled Tegulet, Gymnophthalmus underwoodi Grant 1958. Reptiles & Amphibians, 27(3): 541-543"
Gymnophthalmus underwoodi,18.5850250,-68.6201083,62,La Altagracia Province,Dominican Republic,"Scantlebury D.P., Ng J., Landestoy T M.A., Glor R.E. Hemidactylus frenatus and Gymnophthalmus underwoodi in the Dominican Republic. IRCF Reptiles & Amphibians, 17(3): 180-181"
Gymnophthalmus underwoodi,16.7690833,-62.1672778,28,Bottomless Ghaut Beach,Montserrat,"Snyder S.J., Schmidt R.E., McMullin E.R., Parker B.F., Ferus H.L. 2017. Gymnophthalmus underwoodi Grant, 1958 (Reptilia: Gymnophthalmidae), a new record for the island of Montserrat. Check List, 13(3): 2153"
Gymnophthalmus underwoodi,18.3267806,-68.8074194,2,San Rafael del Yuma,Dominican Republic,"Szkudlarek M. 2019. Gymnophthalmus underwoodi (Underwood's Spectacled Tegu). Herpetological Review, 50(3): 524"
Gymnophthalmus underwoodi,15.4522222,-61.4463889,6,Batali Beach,Dominica,"Turk P.A., Wysznski N.N., Powell R., Henderson R.W. 2010. Population densities and water-loss rates of Gymnophthalmus pleii, Gymnophthalmus underwoodi (Gymnophthalmidae), and Sphaerodactylus fantasticus fuga (Sphaerodactylidae) on Dominica, West Indies. Salamandra, 46(3): 125-130"
Gymnophthalmus underwoodi,13.2509750,-61.1863472,869,St. Vicent,Granadines,"Williamson K.E., Powell R. 2004. Gymnophthalmus underwoodi. Catalogue of American Amphibians and Reptiles."
Gymnophthalmus underwoodi,3.3635000,-61.4348000,134,Ilha de Maracá,Brazil,"Yonenaga-Yassuda Y., Vanzolini P.E., Rodrigues M.T., Carvalho C.M. 1995. Chromosome banding patterns in the unisexual microteiid Gymnophthalmus underwoodi and in two related sibling species (Gymnophthalmidae, Sauria). Cytogenetics and Cell Genetics, 70:29-34"
Gymnophthalmus underwoodi,13.1235389,-59.4345750,15,St. Phillip,Barbados,"Kirizian D.A., Cole C.J. 1999. Origin of the Unisexual Lizard Gymnophthalmus underwoodi (Gymnophthalmidae) Inferred from Mitochondrial DNA Nucleotide Sequences. Molecular Phylogenetics and Evolution, 11(3): 394-400"
Gymnophthalmus underwoodi,3.7527778,-59.3091667,86,Rupununi Savanna,Guyana,"Kirizian D.A., Cole C.J. 1999. Origin of the Unisexual Lizard Gymnophthalmus underwoodi (Gymnophthalmidae) Inferred from Mitochondrial DNA Nucleotide Sequences. Molecular Phylogenetics and Evolution, 11(3): 394-401"
Gymnophthalmus underwoodi,5.6647220,-57.9086110,37,Dubulay Ranch,Guyana,"Kirizian D.A., Cole C.J. 1999. Origin of the Unisexual Lizard Gymnophthalmus underwoodi (Gymnophthalmidae) Inferred from Mitochondrial DNA Nucleotide Sequences. Molecular Phylogenetics and Evolution, 11(3): 394-402"
Gymnophthalmus underwoodi,10.6741980,-61.5166110,41,St. George,Trinidad and Tobago,"Kirizian D.A., Cole C.J. 1999. Origin of the Unisexual Lizard Gymnophthalmus underwoodi (Gymnophthalmidae) Inferred from Mitochondrial DNA Nucleotide Sequences. Molecular Phylogenetics and Evolution, 11(3): 394-403"
Gymnophthalmus underwoodi,3.3635000,-61.4348000,183,"Amajari, RR",Brazil,"Goicoechea N., Frost D.R., Riva I.D., Pellegrino K.C.M., Sites Jr J., Rodrigues M.T., Padial J.M. 2016. Molecular systematics of teioid lizards (Teioidea/Gymnophthalmoidea: Squamata) based on the analysis of 48 loci under tree-alignment and similarity-alignment. Cladistics, 32: 624-671"
Gymnophthalmus underwoodi,15.9235417,-61.2571500,108,Marie-Galante,Guadalupe,"Lorvelec O., Pascal M., Pavis C., Feldmann P. 2007. Amphibians and reptiles of the French West Indies: Inventory, threats and conservation. Applied Herpetology, 4:131-161"
Gymnophthalmus underwoodi,15.9965750,-61.7317000,10,Basse-Terre,Guadalupe,"Lorvelec O., Pascal M., Pavis C., Feldmann P. 2007. Amphibians and reptiles of the French West Indies: Inventory, threats and conservation. Applied Herpetology, 4:131-162"
Gymnophthalmus underwoodi,16.2732361,-61.4668972,51,Grande-Terre,Guadalupe,"Lorvelec O., Pascal M., Pavis C., Feldmann P. 2007. Amphibians and reptiles of the French West Indies: Inventory, threats and conservation. Applied Herpetology, 4:131-163"
Gymnophthalmus underwoodi,16.3049583,-61.0733000,15,La Désirade,Guadalupe,"Lorvelec O., Pascal M., Pavis C., Feldmann P. 2007. Amphibians and reptiles of the French West Indies: Inventory, threats and conservation. Applied Herpetology, 4:131-164"
Gymnophthalmus underwoodi,14.6415278,-61.0241750,106,Saint-Joseph,Martinique,"Lorvelec O., Pascal M., Pavis C., Feldmann P. 2007. Amphibians and reptiles of the French West Indies: Inventory, threats and conservation. Applied Herpetology, 4:131-165"
Gymnophthalmus underwoodi,-1.3058333,-48.4886111,7,Pará,Brazil,"Maciel A.O., Araújo I.S., Lima-Filho G.R., Castro F.M.R., Nascimento L.R.S., Santos M.V., Prudente A.L.C., Sturaro M.J. 2021. Identity of Gymnophthalmus (Squamata: Gymnophthalmidae) from northeastern Amazonia with evidence for G. underwoodi as invasive in Belém. Acta Amazonica, 51:291-297"
Gymnophthalmus underwoodi,-1.3122222,-48.4647222,3,Pará,Brazil,"Maciel A.O., Araújo I.S., Lima-Filho G.R., Castro F.M.R., Nascimento L.R.S., Santos M.V., Prudente A.L.C., Sturaro M.J. 2021. Identity of Gymnophthalmus (Squamata: Gymnophthalmidae) from northeastern Amazonia with evidence for G. underwoodi as invasive in Belém. Acta Amazonica, 51:291-298"
Gymnophthalmus underwoodi,-1.3122222,-48.4647222,3,Pará,Brazil,"Maciel A.O., Araújo I.S., Lima-Filho G.R., Castro F.M.R., Nascimento L.R.S., Santos M.V., Prudente A.L.C., Sturaro M.J. 2021. Identity of Gymnophthalmus (Squamata: Gymnophthalmidae) from northeastern Amazonia with evidence for G. underwoodi as invasive in Belém. Acta Amazonica, 51:291-299"
Gymnophthalmus underwoodi,-1.3303333,-48.4770556,13,Pará,Brazil,"Maciel A.O., Araújo I.S., Lima-Filho G.R., Castro F.M.R., Nascimento L.R.S., Santos M.V., Prudente A.L.C., Sturaro M.J. 2021. Identity of Gymnophthalmus (Squamata: Gymnophthalmidae) from northeastern Amazonia with evidence for G. underwoodi as invasive in Belém. Acta Amazonica, 51:291-300"
Gymnophthalmus underwoodi,-1.0675278,-48.3543889,17,Pará,Brazil,"Maciel A.O., Araújo I.S., Lima-Filho G.R., Castro F.M.R., Nascimento L.R.S., Santos M.V., Prudente A.L.C., Sturaro M.J. 2021. Identity of Gymnophthalmus (Squamata: Gymnophthalmidae) from northeastern Amazonia with evidence for G. underwoodi as invasive in Belém. Acta Amazonica, 51:291-301"
Gymnophthalmus underwoodi,2.9505000,-61.4522000,109,Roraima,Brazil,"Recoder R.S., Vechio F.D., Marques-Souza S., Teixeira Jr M., Silva-da-Silva M., Santos-Jr A.P., Ribeiro S., Barrio-Amorós C., Rodrigues M.T. 2018. Geographic variation and taxonomy of red-tailed Gymnophthalmus (Squamata: Gymnophthalmidae) from Amazonian S"
Gymnophthalmus underwoodi,-3.0913500,-59.9896270,63,Manaus,Brazil,This_study
Gymnophthalmus underwoodi,-3.1011070,-59.9794100,70,Manaus,Brazil,This_study
Gymnophthalmus underwoodi,-3.1012400,-59.9745100,70,Manaus,Brazil,This_study
Gymnophthalmus underwoodi,-3.0892710,-59.9754400,50,Manaus,Brazil,This_study
Gymnophthalmus underwoodi,-3.0795720,-59.9607400,59,Manaus,Brazil,This_study
Gymnophthalmus underwoodi,-3.0761810,-59.9618190,76,Manaus,Brazil,This_study
Gymnophthalmus underwoodi,-3.0830080,-59.9620960,52,Manaus,Brazil,This_study
Gymnophthalmus underwoodi,3.3579850,-59.8359960,88,Roraima,Brazil,This_study
Gymnophthalmus underwoodi,3.3594500,-59.8321760,88,Roraima,Brazil,This_study
Gymnophthalmus underwoodi,0.9561870,-59.9566030,126,Roraima,Brazil,This_study
Gymnophthalmus underwoodi,10.4599490,-66.8225040,972,Caracas-Miranda,Venezuela,https://www.gbif.org/occurrence/4022305360
Gymnophthalmus underwoodi,6.2339310,-69.7165170,92,Arauca,Colombia,Inshttps://www.gbif.org/occurrence/1801438536
,,,,,,
