id,sp,distribution,temp,speed_mean,substrate,SVL,BM,TAL,Maturity,HH,TRL,LNF,FL_L ,FL_R ,TL_L,TL_R,FTL_L,FTL_R,FAL_L,FAL_R,SFT_L,SFF_R
LRM12,G_underwoodi,Native,18.9,0,Urban,31.65,0.044564011,48.66,Juvenile,0.016751779,-0.33474936,0.524064481,-0.108891856,0.070204438,-0.697614482,-0.597569741,-0.251676177,-0.225625188,-0.507939511,-0.159752509,16,13
LRM12,G_underwoodi,Native,44.1,0,Urban,31.65,0.044564011,48.66,Juvenile,0.016751779,-0.33474936,0.524064481,-0.108891856,0.070204438,-0.697614482,-0.597569741,-0.251676177,-0.225625188,-0.507939511,-0.159752509,16,13
LRM12,G_underwoodi,Native,24.7,2.55,Urban,31.65,0.044564011,48.66,Juvenile,0.016751779,-0.33474936,0.524064481,-0.108891856,0.070204438,-0.697614482,-0.597569741,-0.251676177,-0.225625188,-0.507939511,-0.159752509,16,13
LRM12,G_underwoodi,Native,31.6,2.68,Urban,31.65,0.044564011,48.66,Juvenile,0.016751779,-0.33474936,0.524064481,-0.108891856,0.070204438,-0.697614482,-0.597569741,-0.251676177,-0.225625188,-0.507939511,-0.159752509,16,13
LRM12,G_underwoodi,Native,35,3.12,Urban,31.65,0.044564011,48.66,Juvenile,0.016751779,-0.33474936,0.524064481,-0.108891856,0.070204438,-0.697614482,-0.597569741,-0.251676177,-0.225625188,-0.507939511,-0.159752509,16,13
LRM13,G_underwoodi,Native,19.7,0,Urban,38.91,0.163090595,71.84,Adult,0.012952797,-0.728569018,0.596105918,0.284947742,0.020949281,0.322980409,0.224291722,0.190881307,0.167503228,-0.177792363,-0.09656707,16,12
LRM13,G_underwoodi,Native,44.4,0,Urban,38.91,0.163090595,71.84,Adult,0.012952797,-0.728569018,0.596105918,0.284947742,0.020949281,0.322980409,0.224291722,0.190881307,0.167503228,-0.177792363,-0.09656707,16,12
LRM13,G_underwoodi,Native,23.9,4.19,Urban,38.91,0.163090595,71.84,Adult,0.012952797,-0.728569018,0.596105918,0.284947742,0.020949281,0.322980409,0.224291722,0.190881307,0.167503228,-0.177792363,-0.09656707,16,12
LRM13,G_underwoodi,Native,31,2.99,Urban,38.91,0.163090595,71.84,Adult,0.012952797,-0.728569018,0.596105918,0.284947742,0.020949281,0.322980409,0.224291722,0.190881307,0.167503228,-0.177792363,-0.09656707,16,12
LRM13,G_underwoodi,Native,38.6,3.88,Urban,38.91,0.163090595,71.84,Adult,0.012952797,-0.728569018,0.596105918,0.284947742,0.020949281,0.322980409,0.224291722,0.190881307,0.167503228,-0.177792363,-0.09656707,16,12
LRM14,G_underwoodi,Native,18.2,0,Urban,34.53,0.131518293,50.55,Juvenile,0.192673425,-0.074324341,0.235329631,0.400966538,0.324779094,0.435497342,0.721265534,0.028238546,0.139757969,-0.084913058,-0.02230397,16,14
LRM14,G_underwoodi,Native,45.6,0,Urban,34.53,0.131518293,50.55,Juvenile,0.192673425,-0.074324341,0.235329631,0.400966538,0.324779094,0.435497342,0.721265534,0.028238546,0.139757969,-0.084913058,-0.02230397,16,14
LRM14,G_underwoodi,Native,25.6,1.97,Urban,34.53,0.131518293,50.55,Juvenile,0.192673425,-0.074324341,0.235329631,0.400966538,0.324779094,0.435497342,0.721265534,0.028238546,0.139757969,-0.084913058,-0.02230397,16,14
LRM14,G_underwoodi,Native,31.2,2.49,Urban,34.53,0.131518293,50.55,Juvenile,0.192673425,-0.074324341,0.235329631,0.400966538,0.324779094,0.435497342,0.721265534,0.028238546,0.139757969,-0.084913058,-0.02230397,16,14
LRM14,G_underwoodi,Native,38.1,2.77,Urban,34.53,0.131518293,50.55,Juvenile,0.192673425,-0.074324341,0.235329631,0.400966538,0.324779094,0.435497342,0.721265534,0.028238546,0.139757969,-0.084913058,-0.02230397,16,14
LRM15,G_underwoodi,Native,17.3,0,Native,34.89,NA,57.58,Juvenile,NA,NA,NA,NA,NA,NA,NA,NA,NA,NA,NA,NA,NA
LRM15,G_underwoodi,Native,45.1,0,Native,34.89,NA,57.58,Juvenile,NA,NA,NA,NA,NA,NA,NA,NA,NA,NA,NA,NA,NA
LRM15,G_underwoodi,Native,22.22,2.18,Native,34.89,NA,57.58,Juvenile,NA,NA,NA,NA,NA,NA,NA,NA,NA,NA,NA,NA,NA
LRM15,G_underwoodi,Native,31.9,2.79,Native,34.89,NA,57.58,Juvenile,NA,NA,NA,NA,NA,NA,NA,NA,NA,NA,NA,NA,NA
LRM15,G_underwoodi,Native,37.1,2.77,Native,34.89,NA,57.58,Juvenile,NA,NA,NA,NA,NA,NA,NA,NA,NA,NA,NA,NA,NA
LRM16,G_underwoodi,Native,18.8,0,Urban,32.64,0.038282574,45.6,Juvenile,0.050320172,-0.382334896,0.505987321,0.177169359,0.069512058,-0.05141372,0.219584099,0.032141728,-0.218334291,-0.239595593,-0.253334236,17,14
LRM16,G_underwoodi,Native,45.2,0,Urban,32.64,0.038282574,45.6,Juvenile,0.050320172,-0.382334896,0.505987321,0.177169359,0.069512058,-0.05141372,0.219584099,0.032141728,-0.218334291,-0.239595593,-0.253334236,17,14
LRM16,G_underwoodi,Native,24.1,2.6,Urban,32.64,0.038282574,45.6,Juvenile,0.050320172,-0.382334896,0.505987321,0.177169359,0.069512058,-0.05141372,0.219584099,0.032141728,-0.218334291,-0.239595593,-0.253334236,17,14
LRM16,G_underwoodi,Native,31.2,2.91,Urban,32.64,0.038282574,45.6,Juvenile,0.050320172,-0.382334896,0.505987321,0.177169359,0.069512058,-0.05141372,0.219584099,0.032141728,-0.218334291,-0.239595593,-0.253334236,17,14
LRM16,G_underwoodi,Native,38,3.83,Urban,32.64,0.038282574,45.6,Juvenile,0.050320172,-0.382334896,0.505987321,0.177169359,0.069512058,-0.05141372,0.219584099,0.032141728,-0.218334291,-0.239595593,-0.253334236,17,14
LRM17,G_underwoodi,Native,19.6,0,Urban,29.9,0.053366556,35.8,Juvenile,-0.071098108,-0.935985859,0.773309414,-0.046574479,0.0087073,-0.18068005,-0.261517682,-0.368749927,-0.368875763,-0.436458715,-0.196119661,17,12
LRM17,G_underwoodi,Native,45.1,0,Urban,29.9,0.053366556,35.8,Juvenile,-0.071098108,-0.935985859,0.773309414,-0.046574479,0.0087073,-0.18068005,-0.261517682,-0.368749927,-0.368875763,-0.436458715,-0.196119661,17,12
LRM17,G_underwoodi,Native,24.8,3.44,Urban,29.9,0.053366556,35.8,Juvenile,-0.071098108,-0.935985859,0.773309414,-0.046574479,0.0087073,-0.18068005,-0.261517682,-0.368749927,-0.368875763,-0.436458715,-0.196119661,17,12
LRM17,G_underwoodi,Native,31.2,3.13,Urban,29.9,0.053366556,35.8,Juvenile,-0.071098108,-0.935985859,0.773309414,-0.046574479,0.0087073,-0.18068005,-0.261517682,-0.368749927,-0.368875763,-0.436458715,-0.196119661,17,12
LRM17,G_underwoodi,Native,36.5,3.12,Urban,29.9,0.053366556,35.8,Juvenile,-0.071098108,-0.935985859,0.773309414,-0.046574479,0.0087073,-0.18068005,-0.261517682,-0.368749927,-0.368875763,-0.436458715,-0.196119661,17,12
LRM18,G_underwoodi,Native,19,0,Native,30.81,0.012277803,29.3,Juvenile,-0.066507765,-0.170667765,0.006629416,-0.327208365,-0.180836872,-0.495729472,-0.370149658,-0.071792709,-0.396723058,-0.524592866,-0.427898222,17,13
LRM18,G_underwoodi,Native,45.4,0,Native,30.81,0.012277803,29.3,Juvenile,-0.066507765,-0.170667765,0.006629416,-0.327208365,-0.180836872,-0.495729472,-0.370149658,-0.071792709,-0.396723058,-0.524592866,-0.427898222,17,13
LRM18,G_underwoodi,Native,25.7,2.22,Native,30.81,0.012277803,29.3,Juvenile,-0.066507765,-0.170667765,0.006629416,-0.327208365,-0.180836872,-0.495729472,-0.370149658,-0.071792709,-0.396723058,-0.524592866,-0.427898222,17,13
LRM18,G_underwoodi,Native,32.5,2.14,Native,30.81,0.012277803,29.3,Juvenile,-0.066507765,-0.170667765,0.006629416,-0.327208365,-0.180836872,-0.495729472,-0.370149658,-0.071792709,-0.396723058,-0.524592866,-0.427898222,17,13
LRM18,G_underwoodi,Native,37.8,2.7,Native,30.81,0.012277803,29.3,Juvenile,-0.066507765,-0.170667765,0.006629416,-0.327208365,-0.180836872,-0.495729472,-0.370149658,-0.071792709,-0.396723058,-0.524592866,-0.427898222,17,13
LRM19,G_underwoodi,Native,19.2,0,Native,42.13,-0.328766566,27.69,Adult,-0.187354271,-0.34087919,0.650723231,-0.037206586,-0.253904442,0.123578863,-0.235595277,-0.403533697,-0.476197363,-0.204315463,-0.150498217,17,12
LRM19,G_underwoodi,Native,44.2,0,Native,42.13,-0.328766566,27.69,Adult,-0.187354271,-0.34087919,0.650723231,-0.037206586,-0.253904442,0.123578863,-0.235595277,-0.403533697,-0.476197363,-0.204315463,-0.150498217,17,12
LRM19,G_underwoodi,Native,25.7,1.82,Native,42.13,-0.328766566,27.69,Adult,-0.187354271,-0.34087919,0.650723231,-0.037206586,-0.253904442,0.123578863,-0.235595277,-0.403533697,-0.476197363,-0.204315463,-0.150498217,17,12
LRM19,G_underwoodi,Native,32.5,5.37,Native,42.13,-0.328766566,27.69,Adult,-0.187354271,-0.34087919,0.650723231,-0.037206586,-0.253904442,0.123578863,-0.235595277,-0.403533697,-0.476197363,-0.204315463,-0.150498217,17,12
LRM19,G_underwoodi,Native,36.1,4.01,Native,42.13,-0.328766566,27.69,Adult,-0.187354271,-0.34087919,0.650723231,-0.037206586,-0.253904442,0.123578863,-0.235595277,-0.403533697,-0.476197363,-0.204315463,-0.150498217,17,12
LRM21,G_underwoodi,Native,15.8,0,Native,44.51,-0.16391223,15.01,Adult,-0.121645179,-1.026021134,0.949197608,0.0845494,0.255262315,-0.282122438,-0.221899001,-0.041768265,-0.027755737,-0.590343904,-0.589367958,16,14
LRM21,G_underwoodi,Native,45.6,0,Native,44.51,-0.16391223,15.01,Adult,-0.121645179,-1.026021134,0.949197608,0.0845494,0.255262315,-0.282122438,-0.221899001,-0.041768265,-0.027755737,-0.590343904,-0.589367958,16,14
LRM21,G_underwoodi,Native,24.5,2.41,Native,44.51,-0.16391223,15.01,Adult,-0.121645179,-1.026021134,0.949197608,0.0845494,0.255262315,-0.282122438,-0.221899001,-0.041768265,-0.027755737,-0.590343904,-0.589367958,16,14
LRM21,G_underwoodi,Native,32.6,4.72,Native,44.51,-0.16391223,15.01,Adult,-0.121645179,-1.026021134,0.949197608,0.0845494,0.255262315,-0.282122438,-0.221899001,-0.041768265,-0.027755737,-0.590343904,-0.589367958,16,14
LRM21,G_underwoodi,Native,36.5,3.28,Native,44.51,-0.16391223,15.01,Adult,-0.121645179,-1.026021134,0.949197608,0.0845494,0.255262315,-0.282122438,-0.221899001,-0.041768265,-0.027755737,-0.590343904,-0.589367958,16,14
LRM22,G_underwoodi,Native,19.7,0,Native,34.4,0.018443758,51.68,Juvenile,-0.145930917,-0.540263485,0.476726888,0.509915286,0.090833798,-0.04783306,-0.208347348,0.042467597,0.27998884,0.043733164,0.109828954,17,14
LRM22,G_underwoodi,Native,45.6,0,Native,34.4,0.018443758,51.68,Juvenile,-0.145930917,-0.540263485,0.476726888,0.509915286,0.090833798,-0.04783306,-0.208347348,0.042467597,0.27998884,0.043733164,0.109828954,17,14
LRM22,G_underwoodi,Native,23.8,2.05,Native,34.4,0.018443758,51.68,Juvenile,-0.145930917,-0.540263485,0.476726888,0.509915286,0.090833798,-0.04783306,-0.208347348,0.042467597,0.27998884,0.043733164,0.109828954,17,14
LRM22,G_underwoodi,Native,30.6,3.69,Native,34.4,0.018443758,51.68,Juvenile,-0.145930917,-0.540263485,0.476726888,0.509915286,0.090833798,-0.04783306,-0.208347348,0.042467597,0.27998884,0.043733164,0.109828954,17,14
LRM22,G_underwoodi,Native,34.6,3.75,Native,34.4,0.018443758,51.68,Juvenile,-0.145930917,-0.540263485,0.476726888,0.509915286,0.090833798,-0.04783306,-0.208347348,0.042467597,0.27998884,0.043733164,0.109828954,17,14
LRM27,G_underwoodi,Native,14.8,0,Urban,35.68,-0.083936695,34.78,Adult,-0.279321975,0.101500064,0.170202832,-0.220212142,-0.101958799,-0.353457514,-0.143397411,-0.073089163,0.21519641,0.008988584,0.045766613,17,13
LRM27,G_underwoodi,Native,45.5,0,Urban,35.68,-0.083936695,34.78,Adult,-0.279321975,0.101500064,0.170202832,-0.220212142,-0.101958799,-0.353457514,-0.143397411,-0.073089163,0.21519641,0.008988584,0.045766613,17,13
LRM27,G_underwoodi,Native,22.4,3.49,Urban,35.68,-0.083936695,34.78,Adult,-0.279321975,0.101500064,0.170202832,-0.220212142,-0.101958799,-0.353457514,-0.143397411,-0.073089163,0.21519641,0.008988584,0.045766613,17,13
LRM27,G_underwoodi,Native,29.5,3.62,Urban,35.68,-0.083936695,34.78,Adult,-0.279321975,0.101500064,0.170202832,-0.220212142,-0.101958799,-0.353457514,-0.143397411,-0.073089163,0.21519641,0.008988584,0.045766613,17,13
LRM27,G_underwoodi,Native,35,3.13,Urban,35.68,-0.083936695,34.78,Adult,-0.279321975,0.101500064,0.170202832,-0.220212142,-0.101958799,-0.353457514,-0.143397411,-0.073089163,0.21519641,0.008988584,0.045766613,17,13
LRM28,G_underwoodi,Native,16.6,0,Urban,35.35,0.055078605,60.03,Adult,-0.212087773,0.149073418,-0.118165062,-0.025710725,0.041959723,0.06130236,-0.067147755,0.171333525,0.042131004,0.030295352,-0.329106713,17,13
LRM28,G_underwoodi,Native,44.3,0,Urban,35.35,0.055078605,60.03,Adult,-0.212087773,0.149073418,-0.118165062,-0.025710725,0.041959723,0.06130236,-0.067147755,0.171333525,0.042131004,0.030295352,-0.329106713,17,13
LRM28,G_underwoodi,Native,21.9,3.88,Urban,35.35,0.055078605,60.03,Adult,-0.212087773,0.149073418,-0.118165062,-0.025710725,0.041959723,0.06130236,-0.067147755,0.171333525,0.042131004,0.030295352,-0.329106713,17,13
LRM28,G_underwoodi,Native,27.5,4.07,Urban,35.35,0.055078605,60.03,Adult,-0.212087773,0.149073418,-0.118165062,-0.025710725,0.041959723,0.06130236,-0.067147755,0.171333525,0.042131004,0.030295352,-0.329106713,17,13
LRM28,G_underwoodi,Native,32.1,4.75,Urban,35.35,0.055078605,60.03,Adult,-0.212087773,0.149073418,-0.118165062,-0.025710725,0.041959723,0.06130236,-0.067147755,0.171333525,0.042131004,0.030295352,-0.329106713,17,13
LRM29,G_underwoodi,Native,16.4,0,Urban,48.65,-0.028069959,49.9,Adult,-0.389746787,-0.338015367,0.605244476,-0.225759196,-0.241382972,-0.202998428,-0.111969089,-0.727347237,-0.675310054,-0.545161305,-0.381850799,17,14
LRM29,G_underwoodi,Native,44.6,0,Urban,48.65,-0.028069959,49.9,Adult,-0.389746787,-0.338015367,0.605244476,-0.225759196,-0.241382972,-0.202998428,-0.111969089,-0.727347237,-0.675310054,-0.545161305,-0.381850799,17,14
LRM29,G_underwoodi,Native,21.2,2.72,Urban,48.65,-0.028069959,49.9,Adult,-0.389746787,-0.338015367,0.605244476,-0.225759196,-0.241382972,-0.202998428,-0.111969089,-0.727347237,-0.675310054,-0.545161305,-0.381850799,17,14
LRM29,G_underwoodi,Native,27.8,3.5,Urban,48.65,-0.028069959,49.9,Adult,-0.389746787,-0.338015367,0.605244476,-0.225759196,-0.241382972,-0.202998428,-0.111969089,-0.727347237,-0.675310054,-0.545161305,-0.381850799,17,14
LRM29,G_underwoodi,Native,32,6.22,Urban,48.65,-0.028069959,49.9,Adult,-0.389746787,-0.338015367,0.605244476,-0.225759196,-0.241382972,-0.202998428,-0.111969089,-0.727347237,-0.675310054,-0.545161305,-0.381850799,17,14
LRM30,G_underwoodi,Native,15.3,0,Urban,47.26,0.110505472,63.62,Adult,-0.02418622,1.130186494,-0.661029347,-0.199411473,0.113125546,-0.109677576,-0.119997904,-0.885339725,-0.463351678,-1.014457582,-0.346535038,16,13
LRM30,G_underwoodi,Native,44.1,0,Urban,47.26,0.110505472,63.62,Adult,-0.02418622,1.130186494,-0.661029347,-0.199411473,0.113125546,-0.109677576,-0.119997904,-0.885339725,-0.463351678,-1.014457582,-0.346535038,16,13
LRM30,G_underwoodi,Native,20.9,3.01,Urban,47.26,0.110505472,63.62,Adult,-0.02418622,1.130186494,-0.661029347,-0.199411473,0.113125546,-0.109677576,-0.119997904,-0.885339725,-0.463351678,-1.014457582,-0.346535038,16,13
LRM30,G_underwoodi,Native,27.1,3.58,Urban,47.26,0.110505472,63.62,Adult,-0.02418622,1.130186494,-0.661029347,-0.199411473,0.113125546,-0.109677576,-0.119997904,-0.885339725,-0.463351678,-1.014457582,-0.346535038,16,13
LRM30,G_underwoodi,Native,31.7,3.97,Urban,47.26,0.110505472,63.62,Adult,-0.02418622,1.130186494,-0.661029347,-0.199411473,0.113125546,-0.109677576,-0.119997904,-0.885339725,-0.463351678,-1.014457582,-0.346535038,16,13
LRM31,G_underwoodi,Native,15.7,0,Native,36.15,-0.120415415,37.83,Adult,-0.141365254,-0.874018637,0.690576945,-0.256421737,-0.126075477,-0.329511586,-0.320012002,-0.291238625,-0.295580886,0.094367785,-0.447182918,17,13
LRM31,G_underwoodi,Native,44,0,Native,36.15,-0.120415415,37.83,Adult,-0.141365254,-0.874018637,0.690576945,-0.256421737,-0.126075477,-0.329511586,-0.320012002,-0.291238625,-0.295580886,0.094367785,-0.447182918,17,13
LRM31,G_underwoodi,Native,23,3.22,Native,36.15,-0.120415415,37.83,Adult,-0.141365254,-0.874018637,0.690576945,-0.256421737,-0.126075477,-0.329511586,-0.320012002,-0.291238625,-0.295580886,0.094367785,-0.447182918,17,13
LRM31,G_underwoodi,Native,28,3.63,Native,36.15,-0.120415415,37.83,Adult,-0.141365254,-0.874018637,0.690576945,-0.256421737,-0.126075477,-0.329511586,-0.320012002,-0.291238625,-0.295580886,0.094367785,-0.447182918,17,13
LRM31,G_underwoodi,Native,33.4,4.62,Native,36.15,-0.120415415,37.83,Adult,-0.141365254,-0.874018637,0.690576945,-0.256421737,-0.126075477,-0.329511586,-0.320012002,-0.291238625,-0.295580886,0.094367785,-0.447182918,17,13
LRM32,G_underwoodi,Native,16.7,0,Native,39.46,0.112444138,57.51,Adult,-0.052232293,-0.503712318,0.276036075,-0.016352173,0.009834621,0.225284442,0.174095487,0.038327544,-0.019969529,0.154305474,0.010515263,17,14
LRM32,G_underwoodi,Native,45.2,0,Native,39.46,0.112444138,57.51,Adult,-0.052232293,-0.503712318,0.276036075,-0.016352173,0.009834621,0.225284442,0.174095487,0.038327544,-0.019969529,0.154305474,0.010515263,17,14
LRM32,G_underwoodi,Native,22.4,4.43,Native,39.46,0.112444138,57.51,Adult,-0.052232293,-0.503712318,0.276036075,-0.016352173,0.009834621,0.225284442,0.174095487,0.038327544,-0.019969529,0.154305474,0.010515263,17,14
LRM32,G_underwoodi,Native,27.8,4.36,Native,39.46,0.112444138,57.51,Adult,-0.052232293,-0.503712318,0.276036075,-0.016352173,0.009834621,0.225284442,0.174095487,0.038327544,-0.019969529,0.154305474,0.010515263,17,14
LRM32,G_underwoodi,Native,32.7,3.03,Native,39.46,0.112444138,57.51,Adult,-0.052232293,-0.503712318,0.276036075,-0.016352173,0.009834621,0.225284442,0.174095487,0.038327544,-0.019969529,0.154305474,0.010515263,17,14
LRM33,G_underwoodi,Native,17.9,0,Native,33.01,-0.022403218,35.76,Juvenile,-0.167327677,0.548049777,-0.357465019,-0.28327733,-0.202891667,-0.528748924,-0.433691928,-0.761225095,-0.283198189,-0.228618476,-0.349895095,17,13
LRM33,G_underwoodi,Native,44.7,0,Native,33.01,-0.022403218,35.76,Juvenile,-0.167327677,0.548049777,-0.357465019,-0.28327733,-0.202891667,-0.528748924,-0.433691928,-0.761225095,-0.283198189,-0.228618476,-0.349895095,17,13
LRM33,G_underwoodi,Native,21.3,2.61,Native,33.01,-0.022403218,35.76,Juvenile,-0.167327677,0.548049777,-0.357465019,-0.28327733,-0.202891667,-0.528748924,-0.433691928,-0.761225095,-0.283198189,-0.228618476,-0.349895095,17,13
LRM33,G_underwoodi,Native,27.6,5.17,Native,33.01,-0.022403218,35.76,Juvenile,-0.167327677,0.548049777,-0.357465019,-0.28327733,-0.202891667,-0.528748924,-0.433691928,-0.761225095,-0.283198189,-0.228618476,-0.349895095,17,13
LRM33,G_underwoodi,Native,33.6,3.54,Native,33.01,-0.022403218,35.76,Juvenile,-0.167327677,0.548049777,-0.357465019,-0.28327733,-0.202891667,-0.528748924,-0.433691928,-0.761225095,-0.283198189,-0.228618476,-0.349895095,17,13
LRM34,G_underwoodi,Native,18.1,0,Native,45.78,-0.015850993,52.04,Adult,0.161373252,0.36834525,-0.033457924,-0.09562064,0.018655497,-0.294269087,-0.299355236,-0.567936947,-0.417694654,-0.444942585,-0.208848977,16,13
LRM34,G_underwoodi,Native,44.7,0,Native,45.78,-0.015850993,52.04,Adult,0.161373252,0.36834525,-0.033457924,-0.09562064,0.018655497,-0.294269087,-0.299355236,-0.567936947,-0.417694654,-0.444942585,-0.208848977,16,13
LRM34,G_underwoodi,Native,23.3,3.45,Native,45.78,-0.015850993,52.04,Adult,0.161373252,0.36834525,-0.033457924,-0.09562064,0.018655497,-0.294269087,-0.299355236,-0.567936947,-0.417694654,-0.444942585,-0.208848977,16,13
LRM34,G_underwoodi,Native,27.3,3.78,Native,45.78,-0.015850993,52.04,Adult,0.161373252,0.36834525,-0.033457924,-0.09562064,0.018655497,-0.294269087,-0.299355236,-0.567936947,-0.417694654,-0.444942585,-0.208848977,16,13
LRM34,G_underwoodi,Native,33.6,4.76,Native,45.78,-0.015850993,52.04,Adult,0.161373252,0.36834525,-0.033457924,-0.09562064,0.018655497,-0.294269087,-0.299355236,-0.567936947,-0.417694654,-0.444942585,-0.208848977,16,13
LRM38,G_underwoodi,Neonative,17.8,0,Urban,45.44,0.173413465,63.72,Adult,0.075794859,0.038884306,-0.083384599,-0.243648389,-0.158795542,-0.281452501,-0.101239831,0.180573889,0.214108589,0.180828535,0.243105622,18,13
LRM38,G_underwoodi,Neonative,44.7,0,Urban,45.44,0.173413465,63.72,Adult,0.075794859,0.038884306,-0.083384599,-0.243648389,-0.158795542,-0.281452501,-0.101239831,0.180573889,0.214108589,0.180828535,0.243105622,18,13
LRM38,G_underwoodi,Neonative,22.8,4.25,Urban,45.44,0.173413465,63.72,Adult,0.075794859,0.038884306,-0.083384599,-0.243648389,-0.158795542,-0.281452501,-0.101239831,0.180573889,0.214108589,0.180828535,0.243105622,18,13
LRM38,G_underwoodi,Neonative,31.4,5.6,Urban,45.44,0.173413465,63.72,Adult,0.075794859,0.038884306,-0.083384599,-0.243648389,-0.158795542,-0.281452501,-0.101239831,0.180573889,0.214108589,0.180828535,0.243105622,18,13
LRM38,G_underwoodi,Neonative,37.2,8.01,Urban,45.44,0.173413465,63.72,Adult,0.075794859,0.038884306,-0.083384599,-0.243648389,-0.158795542,-0.281452501,-0.101239831,0.180573889,0.214108589,0.180828535,0.243105622,18,13
LRM39,G_underwoodi,Neonative,17.1,0,Native,42.87,0.069221967,50.98,Adult,-0.064414618,-0.277614273,0.22702091,0.135065657,-0.261921002,0.004055305,-0.212842806,0.251319393,0.014143449,0.372049634,0.404709082,17,13
LRM39,G_underwoodi,Neonative,45.1,0,Native,42.87,0.069221967,50.98,Adult,-0.064414618,-0.277614273,0.22702091,0.135065657,-0.261921002,0.004055305,-0.212842806,0.251319393,0.014143449,0.372049634,0.404709082,17,13
LRM39,G_underwoodi,Neonative,27.2,4.74,Native,42.87,0.069221967,50.98,Adult,-0.064414618,-0.277614273,0.22702091,0.135065657,-0.261921002,0.004055305,-0.212842806,0.251319393,0.014143449,0.372049634,0.404709082,17,13
LRM39,G_underwoodi,Neonative,32.5,6.75,Native,42.87,0.069221967,50.98,Adult,-0.064414618,-0.277614273,0.22702091,0.135065657,-0.261921002,0.004055305,-0.212842806,0.251319393,0.014143449,0.372049634,0.404709082,17,13
LRM39,G_underwoodi,Neonative,39.3,7.91,Native,42.87,0.069221967,50.98,Adult,-0.064414618,-0.277614273,0.22702091,0.135065657,-0.261921002,0.004055305,-0.212842806,0.251319393,0.014143449,0.372049634,0.404709082,17,13
LRM43,G_underwoodi,Neonative,14.5,0,Urban,36.88,0.59,29.09,Adult,NA,NA,NA,NA,NA,NA,NA,NA,NA,NA,NA,NA,NA
LRM43,G_underwoodi,Neonative,45.9,0,Urban,36.88,0.59,29.09,Adult,NA,NA,NA,NA,NA,NA,NA,NA,NA,NA,NA,NA,NA
LRM43,G_underwoodi,Neonative,24.3,2.7,Urban,36.88,0.59,29.09,Adult,NA,NA,NA,NA,NA,NA,NA,NA,NA,NA,NA,NA,NA
LRM43,G_underwoodi,Neonative,32.8,3.88,Urban,36.88,0.59,29.09,Adult,NA,NA,NA,NA,NA,NA,NA,NA,NA,NA,NA,NA,NA
LRM43,G_underwoodi,Neonative,38.8,4.68,Urban,36.88,0.59,29.09,Adult,NA,NA,NA,NA,NA,NA,NA,NA,NA,NA,NA,NA,NA
LRM44,G_underwoodi,Neonative,16,0,Urban,41.56,-0.056642148,35.48,Adult,-0.017998664,0.624307807,-0.55482372,0.361105783,-0.080900311,-0.321916143,-0.237724966,0.061410827,0.112633177,0.007061247,0.296781807,18,14
LRM44,G_underwoodi,Neonative,45.6,0,Urban,41.56,-0.056642148,35.48,Adult,-0.017998664,0.624307807,-0.55482372,0.361105783,-0.080900311,-0.321916143,-0.237724966,0.061410827,0.112633177,0.007061247,0.296781807,18,14
LRM44,G_underwoodi,Neonative,24.1,3.09,Urban,41.56,-0.056642148,35.48,Adult,-0.017998664,0.624307807,-0.55482372,0.361105783,-0.080900311,-0.321916143,-0.237724966,0.061410827,0.112633177,0.007061247,0.296781807,18,14
LRM44,G_underwoodi,Neonative,32.3,6.04,Urban,41.56,-0.056642148,35.48,Adult,-0.017998664,0.624307807,-0.55482372,0.361105783,-0.080900311,-0.321916143,-0.237724966,0.061410827,0.112633177,0.007061247,0.296781807,18,14
LRM44,G_underwoodi,Neonative,36.1,7.18,Urban,41.56,-0.056642148,35.48,Adult,-0.017998664,0.624307807,-0.55482372,0.361105783,-0.080900311,-0.321916143,-0.237724966,0.061410827,0.112633177,0.007061247,0.296781807,18,14
LRM45,G_underwoodi,Neonative,16.1,0,Native,45.6,0.134245576,33.89,Adult,0.081319674,0.948119041,-0.298017172,-0.162193414,-0.048554204,-0.128518742,-0.175138638,0.254891836,-0.089556005,0.214321997,0.141639457,18,15
LRM45,G_underwoodi,Neonative,46.1,0,Native,45.6,0.134245576,33.89,Adult,0.081319674,0.948119041,-0.298017172,-0.162193414,-0.048554204,-0.128518742,-0.175138638,0.254891836,-0.089556005,0.214321997,0.141639457,18,15
LRM45,G_underwoodi,Neonative,26.1,3.73,Native,45.6,0.134245576,33.89,Adult,0.081319674,0.948119041,-0.298017172,-0.162193414,-0.048554204,-0.128518742,-0.175138638,0.254891836,-0.089556005,0.214321997,0.141639457,18,15
LRM45,G_underwoodi,Neonative,32.5,4.63,Native,45.6,0.134245576,33.89,Adult,0.081319674,0.948119041,-0.298017172,-0.162193414,-0.048554204,-0.128518742,-0.175138638,0.254891836,-0.089556005,0.214321997,0.141639457,18,15
LRM45,G_underwoodi,Neonative,39.4,6.9,Native,45.6,0.134245576,33.89,Adult,0.081319674,0.948119041,-0.298017172,-0.162193414,-0.048554204,-0.128518742,-0.175138638,0.254891836,-0.089556005,0.214321997,0.141639457,18,15
LRM46,G_underwoodi,Neonative,16.8,0,Native,44.15,0.03662067,43.64,Adult,-0.094760421,-0.096502141,0.436162592,-0.180890465,0.158293512,-0.060108052,0.284660217,0.025818592,0.070924262,0.287282105,0.32915608,18,13
LRM46,G_underwoodi,Neonative,45.1,0,Native,44.15,0.03662067,43.64,Adult,-0.094760421,-0.096502141,0.436162592,-0.180890465,0.158293512,-0.060108052,0.284660217,0.025818592,0.070924262,0.287282105,0.32915608,18,13
LRM46,G_underwoodi,Neonative,25.7,5.59,Native,44.15,0.03662067,43.64,Adult,-0.094760421,-0.096502141,0.436162592,-0.180890465,0.158293512,-0.060108052,0.284660217,0.025818592,0.070924262,0.287282105,0.32915608,18,13
LRM46,G_underwoodi,Neonative,32.6,8.63,Native,44.15,0.03662067,43.64,Adult,-0.094760421,-0.096502141,0.436162592,-0.180890465,0.158293512,-0.060108052,0.284660217,0.025818592,0.070924262,0.287282105,0.32915608,18,13
LRM46,G_underwoodi,Neonative,37,9.01,Native,44.15,0.03662067,43.64,Adult,-0.094760421,-0.096502141,0.436162592,-0.180890465,0.158293512,-0.060108052,0.284660217,0.025818592,0.070924262,0.287282105,0.32915608,18,13
LRM47,G_underwoodi,Neonative,15.1,0,Urban,33.76,0.5,34.47,Juvenile,NA,NA,NA,NA,NA,NA,NA,NA,NA,NA,NA,NA,NA
LRM47,G_underwoodi,Neonative,45.5,0,Urban,33.76,0.5,34.47,Juvenile,NA,NA,NA,NA,NA,NA,NA,NA,NA,NA,NA,NA,NA
LRM47,G_underwoodi,Neonative,23.5,4.06,Urban,33.76,0.5,34.47,Juvenile,NA,NA,NA,NA,NA,NA,NA,NA,NA,NA,NA,NA,NA
LRM47,G_underwoodi,Neonative,30.1,5.02,Urban,33.76,0.5,34.47,Juvenile,NA,NA,NA,NA,NA,NA,NA,NA,NA,NA,NA,NA,NA
LRM47,G_underwoodi,Neonative,38,7.04,Urban,33.76,0.5,34.47,Juvenile,NA,NA,NA,NA,NA,NA,NA,NA,NA,NA,NA,NA,NA
LRM49,G_underwoodi,Neonative,17.5,0,Native,42.42,0.294766343,72.77,Adult,-0.123849107,-0.320266954,-0.701282774,0.286184623,-0.003043471,0.064621712,-0.101349774,0.571613302,0.514438314,0.458704109,0.400128893,18,13
LRM49,G_underwoodi,Neonative,46,0,Native,42.42,0.294766343,72.77,Adult,-0.123849107,-0.320266954,-0.701282774,0.286184623,-0.003043471,0.064621712,-0.101349774,0.571613302,0.514438314,0.458704109,0.400128893,18,13
LRM49,G_underwoodi,Neonative,24.2,3.82,Native,42.42,0.294766343,72.77,Adult,-0.123849107,-0.320266954,-0.701282774,0.286184623,-0.003043471,0.064621712,-0.101349774,0.571613302,0.514438314,0.458704109,0.400128893,18,13
LRM49,G_underwoodi,Neonative,30.4,3.87,Native,42.42,0.294766343,72.77,Adult,-0.123849107,-0.320266954,-0.701282774,0.286184623,-0.003043471,0.064621712,-0.101349774,0.571613302,0.514438314,0.458704109,0.400128893,18,13
LRM49,G_underwoodi,Neonative,37.1,5.17,Native,42.42,0.294766343,72.77,Adult,-0.123849107,-0.320266954,-0.701282774,0.286184623,-0.003043471,0.064621712,-0.101349774,0.571613302,0.514438314,0.458704109,0.400128893,18,13
LRM51,G_underwoodi,Neonative,15.2,0,Urban,36.89,-0.232177724,40.56,Adult,-0.068038196,0.471211982,-0.517784158,-0.03677866,-0.005861598,0.070721566,-0.320393782,0.277802612,0.390528574,0.342697235,0.352452306,17,14
LRM51,G_underwoodi,Neonative,45.5,0,Urban,36.89,-0.232177724,40.56,Adult,-0.068038196,0.471211982,-0.517784158,-0.03677866,-0.005861598,0.070721566,-0.320393782,0.277802612,0.390528574,0.342697235,0.352452306,17,14
LRM51,G_underwoodi,Neonative,23.6,2.54,Urban,36.89,-0.232177724,40.56,Adult,-0.068038196,0.471211982,-0.517784158,-0.03677866,-0.005861598,0.070721566,-0.320393782,0.277802612,0.390528574,0.342697235,0.352452306,17,14
LRM51,G_underwoodi,Neonative,39.7,7.45,Urban,36.89,-0.232177724,40.56,Adult,-0.068038196,0.471211982,-0.517784158,-0.03677866,-0.005861598,0.070721566,-0.320393782,0.277802612,0.390528574,0.342697235,0.352452306,17,14
LRM51,G_underwoodi,Neonative,35.6,6.82,Urban,36.89,-0.232177724,40.56,Adult,-0.068038196,0.471211982,-0.517784158,-0.03677866,-0.005861598,0.070721566,-0.320393782,0.277802612,0.390528574,0.342697235,0.352452306,17,14
LRM52,G_underwoodi,Neonative,16.8,0,Native,42.2,0.006878829,40.05,Adult,0.163922679,0.298883881,-0.776526706,-0.301687762,0.014720381,0.056439988,0.313807884,-0.142417451,-0.072840335,-0.065083362,-0.289229459,17,14
LRM52,G_underwoodi,Neonative,45.8,0,Native,42.2,0.006878829,40.05,Adult,0.163922679,0.298883881,-0.776526706,-0.301687762,0.014720381,0.056439988,0.313807884,-0.142417451,-0.072840335,-0.065083362,-0.289229459,17,14
LRM52,G_underwoodi,Neonative,21.7,3.95,Native,42.2,0.006878829,40.05,Adult,0.163922679,0.298883881,-0.776526706,-0.301687762,0.014720381,0.056439988,0.313807884,-0.142417451,-0.072840335,-0.065083362,-0.289229459,17,14
LRM52,G_underwoodi,Neonative,29.1,6.86,Native,42.2,0.006878829,40.05,Adult,0.163922679,0.298883881,-0.776526706,-0.301687762,0.014720381,0.056439988,0.313807884,-0.142417451,-0.072840335,-0.065083362,-0.289229459,17,14
LRM52,G_underwoodi,Neonative,36.7,7.37,Native,42.2,0.006878829,40.05,Adult,0.163922679,0.298883881,-0.776526706,-0.301687762,0.014720381,0.056439988,0.313807884,-0.142417451,-0.072840335,-0.065083362,-0.289229459,17,14
LRM53,G_underwoodi,Neonative,15.1,0,Urban,38.7302,-0.026501388,41.9554,Adult,0.51812416,1.074599954,-0.37957674,0.191851242,-0.058118006,0.552106089,0.263906389,0.430183616,0.373673713,0.83824093,0.549748432,17,13
LRM53,G_underwoodi,Neonative,43.8,0,Urban,38.7302,-0.026501388,41.9554,Adult,0.51812416,1.074599954,-0.37957674,0.191851242,-0.058118006,0.552106089,0.263906389,0.430183616,0.373673713,0.83824093,0.549748432,17,13
LRM53,G_underwoodi,Neonative,21.3,4.45,Urban,38.7302,-0.026501388,41.9554,Adult,0.51812416,1.074599954,-0.37957674,0.191851242,-0.058118006,0.552106089,0.263906389,0.430183616,0.373673713,0.83824093,0.549748432,17,13
LRM53,G_underwoodi,Neonative,29.7,6.81,Urban,38.7302,-0.026501388,41.9554,Adult,0.51812416,1.074599954,-0.37957674,0.191851242,-0.058118006,0.552106089,0.263906389,0.430183616,0.373673713,0.83824093,0.549748432,17,13
LRM53,G_underwoodi,Neonative,35,6.88,Urban,38.7302,-0.026501388,41.9554,Adult,0.51812416,1.074599954,-0.37957674,0.191851242,-0.058118006,0.552106089,0.263906389,0.430183616,0.373673713,0.83824093,0.549748432,17,13
LRM54,G_underwoodi,Neonative,14.4,0,Native,40.9854,0.245793717,65.4171,Adult,0.6132162,0.707951931,-0.489994148,0.023681695,0.507816869,0.723384739,0.59535253,0.584440535,0.451824527,0.612993397,0.741671737,17,14
LRM54,G_underwoodi,Neonative,45.3,0,Native,40.9854,0.245793717,65.4171,Adult,0.6132162,0.707951931,-0.489994148,0.023681695,0.507816869,0.723384739,0.59535253,0.584440535,0.451824527,0.612993397,0.741671737,17,14
LRM54,G_underwoodi,Neonative,24,3.44,Native,40.9854,0.245793717,65.4171,Adult,0.6132162,0.707951931,-0.489994148,0.023681695,0.507816869,0.723384739,0.59535253,0.584440535,0.451824527,0.612993397,0.741671737,17,14
LRM54,G_underwoodi,Neonative,39.8,5.42,Native,40.9854,0.245793717,65.4171,Adult,0.6132162,0.707951931,-0.489994148,0.023681695,0.507816869,0.723384739,0.59535253,0.584440535,0.451824527,0.612993397,0.741671737,17,14
LRM54,G_underwoodi,Neonative,35.4,6.04,Native,40.9854,0.245793717,65.4171,Adult,0.6132162,0.707951931,-0.489994148,0.023681695,0.507816869,0.723384739,0.59535253,0.584440535,0.451824527,0.612993397,0.741671737,17,14
LRM55,G_underwoodi,Neonative,14.2,0,Urban,36.8378,0.010659282,57.196,Adult,-0.023965702,0.006103271,-0.344667098,-0.101456203,0.157000903,0.47870593,0.896993496,0.255722197,0.313526142,0.511945892,0.551286184,17,13
LRM55,G_underwoodi,Neonative,43,0,Urban,36.8378,0.010659282,57.196,Adult,-0.023965702,0.006103271,-0.344667098,-0.101456203,0.157000903,0.47870593,0.896993496,0.255722197,0.313526142,0.511945892,0.551286184,17,13
LRM55,G_underwoodi,Neonative,25.5,5.64,Urban,36.8378,0.010659282,57.196,Adult,-0.023965702,0.006103271,-0.344667098,-0.101456203,0.157000903,0.47870593,0.896993496,0.255722197,0.313526142,0.511945892,0.551286184,17,13
LRM55,G_underwoodi,Neonative,31.5,5.58,Urban,36.8378,0.010659282,57.196,Adult,-0.023965702,0.006103271,-0.344667098,-0.101456203,0.157000903,0.47870593,0.896993496,0.255722197,0.313526142,0.511945892,0.551286184,17,13
LRM55,G_underwoodi,Neonative,39.1,7.27,Urban,36.8378,0.010659282,57.196,Adult,-0.023965702,0.006103271,-0.344667098,-0.101456203,0.157000903,0.47870593,0.896993496,0.255722197,0.313526142,0.511945892,0.551286184,17,13
LRM56,G_underwoodi,Neonative,14,0,Urban,35.1403,0.076783377,55.8192,Adult,0.120613715,0.045198558,-0.208149171,-0.059489931,0.284782856,0.636164201,0.463738678,0.123067622,0.319549112,0.475311667,0.62379833,16,14
LRM56,G_underwoodi,Neonative,43.7,0,Urban,35.1403,0.076783377,55.8192,Adult,0.120613715,0.045198558,-0.208149171,-0.059489931,0.284782856,0.636164201,0.463738678,0.123067622,0.319549112,0.475311667,0.62379833,16,14
LRM56,G_underwoodi,Neonative,21.6,4.01,Urban,35.1403,0.076783377,55.8192,Adult,0.120613715,0.045198558,-0.208149171,-0.059489931,0.284782856,0.636164201,0.463738678,0.123067622,0.319549112,0.475311667,0.62379833,16,14
LRM56,G_underwoodi,Neonative,30.8,4.51,Urban,35.1403,0.076783377,55.8192,Adult,0.120613715,0.045198558,-0.208149171,-0.059489931,0.284782856,0.636164201,0.463738678,0.123067622,0.319549112,0.475311667,0.62379833,16,14
LRM56,G_underwoodi,Neonative,36,5.19,Urban,35.1403,0.076783377,55.8192,Adult,0.120613715,0.045198558,-0.208149171,-0.059489931,0.284782856,0.636164201,0.463738678,0.123067622,0.319549112,0.475311667,0.62379833,16,14
LRM57,G_underwoodi,Neonative,15.7,0,Urban,35.9283,-0.117838589,37.8091,Adult,0.12164215,0.52348646,-0.400612898,-0.245503022,-0.285295806,0.754698742,0.516754552,0.058153987,0.131927492,0.486259337,0.574469864,16,14
LRM57,G_underwoodi,Neonative,44.9,0,Urban,35.9283,-0.117838589,37.8091,Adult,0.12164215,0.52348646,-0.400612898,-0.245503022,-0.285295806,0.754698742,0.516754552,0.058153987,0.131927492,0.486259337,0.574469864,16,14
LRM57,G_underwoodi,Neonative,23.6,4.57,Urban,35.9283,-0.117838589,37.8091,Adult,0.12164215,0.52348646,-0.400612898,-0.245503022,-0.285295806,0.754698742,0.516754552,0.058153987,0.131927492,0.486259337,0.574469864,16,14
LRM57,G_underwoodi,Neonative,30.3,5.15,Urban,35.9283,-0.117838589,37.8091,Adult,0.12164215,0.52348646,-0.400612898,-0.245503022,-0.285295806,0.754698742,0.516754552,0.058153987,0.131927492,0.486259337,0.574469864,16,14
LRM57,G_underwoodi,Neonative,38,5.36,Urban,35.9283,-0.117838589,37.8091,Adult,0.12164215,0.52348646,-0.400612898,-0.245503022,-0.285295806,0.754698742,0.516754552,0.058153987,0.131927492,0.486259337,0.574469864,16,14
LRM58,G_underwoodi,Neonative,15.1,0,Native,39.3969,-0.164254516,57.505,Adult,-0.111124181,-0.012066766,-0.465392776,0.225561384,0.206412941,0.248860858,0.74139166,0.477770495,0.476015065,0.679833152,0.561360275,17,13
LRM58,G_underwoodi,Neonative,45.3,0,Native,39.3969,-0.164254516,57.505,Adult,-0.111124181,-0.012066766,-0.465392776,0.225561384,0.206412941,0.248860858,0.74139166,0.477770495,0.476015065,0.679833152,0.561360275,17,13
LRM58,G_underwoodi,Neonative,26.6,4.8,Native,39.3969,-0.164254516,57.505,Adult,-0.111124181,-0.012066766,-0.465392776,0.225561384,0.206412941,0.248860858,0.74139166,0.477770495,0.476015065,0.679833152,0.561360275,17,13
LRM58,G_underwoodi,Neonative,33.6,4.96,Native,39.3969,-0.164254516,57.505,Adult,-0.111124181,-0.012066766,-0.465392776,0.225561384,0.206412941,0.248860858,0.74139166,0.477770495,0.476015065,0.679833152,0.561360275,17,13
LRM58,G_underwoodi,Neonative,40.2,8.25,Native,39.3969,-0.164254516,57.505,Adult,-0.111124181,-0.012066766,-0.465392776,0.225561384,0.206412941,0.248860858,0.74139166,0.477770495,0.476015065,0.679833152,0.561360275,17,13
LRM59,G_underwoodi,Neonative,15.1,0,Native,36.3853,-0.013717064,64.0917,Adult,0.281191256,0.264130586,-0.279571303,-0.212619244,-0.093316426,0.6418222,0.641339266,0.481839608,0.475138303,0.219016297,0.113310335,17,13
LRM59,G_underwoodi,Neonative,45.1,0,Native,36.3853,-0.013717064,64.0917,Adult,0.281191256,0.264130586,-0.279571303,-0.212619244,-0.093316426,0.6418222,0.641339266,0.481839608,0.475138303,0.219016297,0.113310335,17,13
LRM59,G_underwoodi,Neonative,26.5,4.23,Native,36.3853,-0.013717064,64.0917,Adult,0.281191256,0.264130586,-0.279571303,-0.212619244,-0.093316426,0.6418222,0.641339266,0.481839608,0.475138303,0.219016297,0.113310335,17,13
LRM59,G_underwoodi,Neonative,32.3,5.3,Native,36.3853,-0.013717064,64.0917,Adult,0.281191256,0.264130586,-0.279571303,-0.212619244,-0.093316426,0.6418222,0.641339266,0.481839608,0.475138303,0.219016297,0.113310335,17,13
LRM59,G_underwoodi,Neonative,38.2,5.44,Native,36.3853,-0.013717064,64.0917,Adult,0.281191256,0.264130586,-0.279571303,-0.212619244,-0.093316426,0.6418222,0.641339266,0.481839608,0.475138303,0.219016297,0.113310335,17,13
LRM60,G_underwoodi,Neonative,14.1,0,Native,36.071,0.024080758,55.4928,Adult,0.272421094,0.008189714,-0.366938334,-0.49632986,-0.176612551,0.196516329,0.124679013,0.074965668,-0.039628454,0.135442703,-0.067865354,16,13
LRM60,G_underwoodi,Neonative,44.5,0,Native,36.071,0.024080758,55.4928,Adult,0.272421094,0.008189714,-0.366938334,-0.49632986,-0.176612551,0.196516329,0.124679013,0.074965668,-0.039628454,0.135442703,-0.067865354,16,13
LRM60,G_underwoodi,Neonative,22.7,3.58,Native,36.071,0.024080758,55.4928,Adult,0.272421094,0.008189714,-0.366938334,-0.49632986,-0.176612551,0.196516329,0.124679013,0.074965668,-0.039628454,0.135442703,-0.067865354,16,13
LRM60,G_underwoodi,Neonative,31.7,5.7,Native,36.071,0.024080758,55.4928,Adult,0.272421094,0.008189714,-0.366938334,-0.49632986,-0.176612551,0.196516329,0.124679013,0.074965668,-0.039628454,0.135442703,-0.067865354,16,13
LRM60,G_underwoodi,Neonative,37.5,5.4,Native,36.071,0.024080758,55.4928,Adult,0.272421094,0.008189714,-0.366938334,-0.49632986,-0.176612551,0.196516329,0.124679013,0.074965668,-0.039628454,0.135442703,-0.067865354,16,13
