Specimen,State,SVL,Side,FL,TL,FTL,HUL,FAL,LFT,LFF
FPWerneck03381,Amazonas,39.56,Left,4.01,2.68,6.54,2.39,5.99,16,12
FPWerneck03381,Amazonas,39.08,Left,4.02,3.02,6.69,2.58,6.05,16,12
FPWerneck03381,Amazonas,39.56,Right,3.92,2.78,6.29,2.4,5.99,17,12
FPWerneck03381,Amazonas,39.08,Right,4.24,3.03,6.65,2.65,6.11,17,12
FPWerneck03715,Roraima,43.63,Left,4.97,3.14,6.4,3.36,6.12,16,14
FPWerneck03715,Roraima,45.31,Left,4.96,3.45,6.69,3.52,5.84,16,14
FPWerneck03715,Roraima,43.63,Right,4.91,2.87,6.85,3.22,5.55,16,13
FPWerneck03715,Roraima,45.31,Right,5.22,3.16,6.82,3.54,5.33,16,13
FPWerneck03716,Roraima,36.35,Left,4.44,3.11,5.81,3.08,5.91,16,13
FPWerneck03716,Roraima,38.51,Left,4.68,3.36,6,3.25,6.05,16,13
FPWerneck03716,Roraima,36.35,Right,4.55,3.05,6.37,2.9,5.93,17,13
FPWerneck03716,Roraima,38.51,Right,4.71,3.35,6.75,3.21,6,17,13
FPWerneck03717,Roraima,37.24,Left,4.24,2.75,6.5,2.97,6.16,16,13
FPWerneck03717,Roraima,38.91,Left,4.48,3.01,6.74,3.24,6.45,16,13
FPWerneck03717,Roraima,37.24,Right,4.41,2.84,6.57,3.22,5.92,17,13
FPWerneck03717,Roraima,38.91,Right,4.71,3.13,6.82,3.54,6.11,17,13
FPWerneck03720,Roraima,38.49,Left,4.72,3.53,6.52,3.07,5.78,16,13
FPWerneck03720,Roraima,39.33,Left,4.63,3.31,6.71,3.33,6.28,16,13
FPWerneck03720,Roraima,38.49,Right,4.48,3.45,6.56,3.02,5.96,16,12
FPWerneck03720,Roraima,39.33,Right,4.13,3.34,6.74,3.31,6.18,16,12
FPWerneck03726,Roraima,41.76,Left,4.52,3.32,6.32,3.2,6.11,17,13
FPWerneck03726,Roraima,42.49,Left,4.75,3.38,6.29,3.54,6.51,17,13
FPWerneck03726,Roraima,41.76,Right,4.24,2.92,6.34,3.3,6.25,17,12
FPWerneck03726,Roraima,42.49,Right,4.34,3.23,6.24,3.53,6.34,17,12
FPWerneck03727,Roraima,40.38,Left,5.07,2.83,6.28,3.18,6.45,17,13
FPWerneck03727,Roraima,41.53,Left,5.05,3.1,6.5,3.52,6.47,17,13
FPWerneck03727,Roraima,40.38,Right,4.21,2.93,6.46,3.08,6.2,16,13
FPWerneck03727,Roraima,41.53,Right,4.59,3.19,6.6,3.33,6.12,16,13
FPWerneck03728,Roraima,43.9,Left,4.73,2.91,6.83,3.08,6.05,16,14
FPWerneck03728,Roraima,45.13,Left,5.18,3.15,6.92,3.37,6.19,16,14
FPWerneck03728,Roraima,43.9,Right,4.94,3.02,6.88,3.26,5.96,17,14
FPWerneck03728,Roraima,45.13,Right,5.01,3.34,6.99,3.55,6.11,17,14
FPWerneck03729,Roraima,33.59,Left,4.47,2.78,5.98,3.09,5.88,17,14
FPWerneck03729,Roraima,35.22,Left,4.59,3.03,6.15,3.31,5.95,17,14
FPWerneck03729,Roraima,33.59,Right,4.04,2.68,6.44,2.84,6,18,14
FPWerneck03729,Roraima,35.22,Right,4.07,2.95,6.36,2.87,5.96,18,14
FPWerneck03730,Roraima,44.04,Left,4.89,3.47,NA,3.37,NA,NA,NA
FPWerneck03730,Roraima,44.69,Left,5.22,3.46,NA,3.39,NA,NA,NA
FPWerneck03730,Roraima,44.04,Right,4.63,3.37,6.78,3.68,6.76,17,12
FPWerneck03730,Roraima,44.69,Right,4.76,3.26,6.78,3.56,6.67,17,12
FPWerneck03731,Roraima,35.81,Left,4.32,2.83,6.1,3.12,6.09,17,13
FPWerneck03731,Roraima,36.33,Left,4.4,2.98,6.11,2.87,5.79,17,13
FPWerneck03731,Roraima,35.81,Right,3.88,2.73,6.2,2.79,6.13,17,13
FPWerneck03731,Roraima,36.33,Right,3.8,3.01,6.01,3.04,5.96,17,13
FPWerneck03732,Roraima,43.88,Left,4.79,3.4,6.95,3.43,6.72,17,13
FPWerneck03732,Roraima,43.88,Left,4.96,3.49,6.64,3.3,6.61,17,13
FPWerneck03732,Roraima,43.88,Right,4.6,3.3,6.42,3.29,6.45,17,13
FPWerneck03732,Roraima,43.88,Right,4.44,3.38,6.25,3.31,5.95,17,13
FPWerneck03733,Roraima,39.6,Left,4.34,3.08,6.56,3.4,6.62,16,13
FPWerneck03733,Roraima,40.98,Left,4.38,3.37,6.5,3.56,6.68,16,13
FPWerneck03733,Roraima,39.6,Right,4.36,3.4,6.52,3.15,6.27,16,13
FPWerneck03733,Roraima,40.98,Right,4.4,3.25,6.9,3.3,6.16,16,13
FPWerneck03734,Roraima,36.53,Left,4.27,2.87,5.77,3.15,5.82,17,13
FPWerneck03734,Roraima,37.25,Left,4.47,3.09,5.81,3.13,5.71,17,13
FPWerneck03734,Roraima,36.53,Right,4.14,3.05,5.71,3.19,6.09,17,13
FPWerneck03734,Roraima,37.25,Right,4.18,3.26,5.84,3.2,5.8,17,13
FPWerneck03735,Roraima,35.09,Left,4.08,2.54,6.11,2.81,5.93,17,14
FPWerneck03735,Roraima,36.28,Left,3.73,2.75,6.02,3.01,6.05,17,14
FPWerneck03735,Roraima,35.09,Right,3.89,2.9,6.34,2.82,6.02,17,13
FPWerneck03735,Roraima,36.28,Right,4.03,2.95,6.54,3.06,6,17,13
FPWerneck03736,Roraima,35.11,Left,4.26,2.92,6.33,2.86,6.06,17,14
FPWerneck03736,Roraima,35.59,Left,3.89,3.18,6.23,2.91,5.9,17,14
FPWerneck03736,Roraima,35.11,Right,4.22,2.92,6.21,2.85,5.73,17,13
FPWerneck03736,Roraima,35.59,Right,3.93,3.06,6.26,2.94,5.49,17,13
FPWerneck03737,Roraima,48.65,Left,5.13,3.24,6.67,3.37,6.59,17,14
FPWerneck03737,Roraima,48.64,Left,4.86,3.28,6.44,3.7,6.42,17,14
FPWerneck03737,Roraima,48.65,Right,4.95,3.57,6.67,3.43,6.53,17,14
FPWerneck03737,Roraima,48.64,Right,4.63,3.33,6.6,3.3,6.57,17,14
FPWerneck03738,Roraima,47.36,Left,4.71,3.19,6.39,3.45,6.03,16,13
FPWerneck03738,Roraima,47.15,Left,5.1,3.41,6.16,3.33,5.81,16,13
FPWerneck03738,Roraima,47.36,Right,4.88,3.39,6.56,3.25,6.54,17,13
FPWerneck03738,Roraima,47.15,Right,5.21,3.38,6.91,3.39,6.43,17,13
FPWerneck03739,Roraima,36.11,Left,3.96,2.57,5.98,3.19,6.08,17,13
FPWerneck03739,Roraima,36.19,Left,3.86,2.8,5.8,2.86,6.14,17,13
FPWerneck03739,Roraima,36.11,Right,3.81,2.68,6.02,3.11,5.56,17,13
FPWerneck03739,Roraima,36.19,Right,4.12,2.86,5.92,3.05,5.54,17,13
FPWerneck03740,Roraima,38.47,Left,4.66,3.2,6.44,3.29,6.39,17,13
FPWerneck03740,Roraima,40.44,Left,4.19,3.52,6.58,3.47,6.5,17,13
FPWerneck03740,Roraima,38.47,Right,4.4,3.22,6.72,3.31,6.39,17,14
FPWerneck03740,Roraima,40.44,Right,4.3,3.55,6.32,3.47,6.12,17,14
FPWerneck03742,Roraima,45.9,Left,4.66,3.06,6.54,3.52,6.27,16,13
FPWerneck03742,Roraima,45.66,Left,5.1,3.07,6.39,3.44,6.47,16,13
FPWerneck03742,Roraima,45.9,Right,4.68,3.05,6.66,3.45,6.42,17,13
FPWerneck03742,Roraima,45.66,Right,4.99,3.26,6.65,3.32,6.6,17,13
INPA-H018978,Roraima,39.33,Left,4.87,3.07,6.1,3.36,6.01,17,14
INPA-H018978,Roraima,40,Left,4.91,3.28,6.11,3.57,6.52,17,14
INPA-H018978,Roraima,39.33,Right,4.96,3.43,7.1,3.13,6.16,19,14
INPA-H018978,Roraima,40,Right,4.74,3.68,7.26,3.11,6.41,19,14
INPA-H018979,Roraima,43.01,Left,4.43,3.21,6.75,3.11,6.69,17,14
INPA-H018979,Roraima,42.63,Left,4.58,3.31,6.71,3.4,6.05,17,14
INPA-H018979,Roraima,43.01,Right,4.51,3.02,6,3.16,6.72,17,14
INPA-H018979,Roraima,42.63,Right,4.15,3.12,6.65,3.27,6.25,17,14
INPA-H031306,Amazonas,40.51,Left,4.87,3.71,6.95,3.55,6.41,NA,14
INPA-H031306,Amazonas,42.49,Left,4.97,3.63,7.69,3.37,7.05,NA,14
INPA-H031306,Amazonas,40.51,Right,4.43,3.53,7.02,3.23,6.3,NA,14
INPA-H031306,Amazonas,42.49,Right,4.52,3.67,7.11,3.16,6.19,NA,14
INPA-H031307,Amazonas,36.21,Left,4.62,2.89,5.77,2.7,6.14,17,13
INPA-H031307,Amazonas,35.55,Left,4.71,2.77,5.58,2.95,5.83,17,13
INPA-H031307,Amazonas,36.21,Right,3.98,2.97,NA,2.68,6.07,17,13
INPA-H031307,Amazonas,35.55,Right,4.16,2.79,NA,2.43,5.78,17,13
INPA-H031308,Amazonas,43.82,Left,4.75,3.24,6.65,3.91,6.55,NA,13
INPA-H031308,Amazonas,45.23,Left,4.97,3.48,7.22,4.26,7.35,NA,13
INPA-H031308,Amazonas,43.82,Right,4.7,3.23,7.09,3.8,6.73,NA,13
INPA-H031308,Amazonas,45.23,Right,4.77,3.46,7.87,4.14,7.11,NA,13
INPA-H031309,Amazonas,42.46,Left,4.83,3.45,7.04,3.4,6.95,16,13
INPA-H031309,Amazonas,41.92,Left,4.38,3.19,7.19,3.74,6.82,16,13
INPA-H031309,Amazonas,42.46,Right,4.42,3.53,7.11,3.62,6.57,17,14
INPA-H031309,Amazonas,41.92,Right,4.63,3.45,6.85,3.23,6.94,17,14
INPA-H031310,Amazonas,41.45,Left,4.51,3.63,7.16,3.39,6.46,NA,13
INPA-H031310,Amazonas,42.4,Left,4.86,3.92,7.1,3.36,6.48,NA,13
INPA-H031310,Amazonas,41.45,Right,4.41,3.6,7.19,3.34,6.65,NA,13
INPA-H031310,Amazonas,42.4,Right,4.24,3.71,6.63,3.58,6.33,NA,13
INPA-H031311,Amazonas,42.51,Left,4.99,3.21,6.4,3.44,6.96,17,13
INPA-H031311,Amazonas,44.23,Left,4.56,3.54,6.98,3.63,7.13,17,13
INPA-H031311,Amazonas,42.51,Right,4.09,3.27,7.01,3.42,6.51,17,14
INPA-H031311,Amazonas,44.23,Right,4.11,3.51,7.19,3.4,6.33,17,14
INPA-H031312,Amazonas,36.55,Left,3.8,2.75,6.03,3.15,5.89,17,13
INPA-H031312,Amazonas,34.84,Left,3.94,3.02,6.04,3.12,6.07,17,13
INPA-H031312,Amazonas,36.55,Right,3.91,2.75,6.08,3.05,5.45,17,13
INPA-H031312,Amazonas,34.84,Right,3.79,3.03,6.71,3.34,4.87,17,13
INPA-H040754,Amazonas,38.04,Left,4.05,2.97,6.58,2.91,6.09,17,13
INPA-H040754,Amazonas,38.77,Left,4.15,2.91,6.66,3.17,6.24,17,13
INPA-H040754,Amazonas,38.04,Right,3.99,3.3,6.86,2.99,5.85,17,14
INPA-H040754,Amazonas,38.77,Right,4.17,3.52,6.73,2.91,6.02,17,14
INPA-H040772,Amazonas,42.15,Left,4.93,3.1,7.34,3.4,6.85,17,12
INPA-H040772,Amazonas,41.92,Left,4.93,3.41,7.53,3.61,6.87,17,12
INPA-H040772,Amazonas,42.15,Right,4.6,3.16,7.12,3.46,6.67,17,12
INPA-H040772,Amazonas,41.92,Right,4.25,3.42,6.6,3.46,6.31,17,12
INPA-H041179,Amazonas,41.24,Left,4.35,3.03,7.26,3.15,6.51,17,14
INPA-H041179,Amazonas,41.58,Left,4.63,3.32,6.63,3.41,6.34,17,14
INPA-H041179,Amazonas,41.24,Right,4.46,2.96,6.95,3.31,6.79,17,14
INPA-H041179,Amazonas,41.58,Right,4.11,2.64,6.52,3.23,6.63,17,14
LRM01,Amazonas,41.9,Left,4.68,2.97,6.94,2.4,5.89,17,13
LRM01,Amazonas,43.15,Left,4.72,3.25,7.34,2.32,6.06,17,13
LRM01,Amazonas,41.9,Right,4.44,3.18,7.01,2.42,5.83,17,13
LRM01,Amazonas,43.15,Right,4.64,3.44,6.98,2.66,6.03,17,13
LRM02,Amazonas,37.79,Left,4.22,3.07,6.52,2.59,5.84,17,13
LRM02,Amazonas,37.96,Left,4.32,3.31,6.49,2.54,6.14,17,13
LRM02,Amazonas,37.79,Right,4.09,3.16,6.66,2.6,5.91,17,13
LRM02,Amazonas,37.96,Right,4.17,3.49,6.76,2.76,5.9,17,13
LRM36,Amazonas,36.05,Left,3.71,2.75,6.25,3.15,5.93,18,14
LRM36,Amazonas,35.98,Left,3.79,2.85,6.58,3.07,6.16,18,14
LRM36,Amazonas,36.05,Right,3.7,3.07,5.84,3.01,5.98,18,14
LRM36,Amazonas,35.98,Right,4.07,3.16,6.1,2.99,5.68,18,14
LRM37,Amazonas,43.08,Left,4.8,3.39,7.13,3.48,6.84,17,14
LRM37,Amazonas,43.57,Left,4.62,3.43,7.26,3.68,7,17,14
LRM37,Amazonas,43.08,Right,4.75,3.57,7.58,3.27,6.59,17,14
LRM37,Amazonas,43.57,Right,4.52,3.63,7.31,3.3,6.76,17,14
LRM38,Amazonas,45.31,Left,4.76,3.06,7.29,3.73,6.97,18,14
LRM38,Amazonas,45.57,Left,4.66,3.07,7.07,3.34,6.96,18,14
LRM38,Amazonas,45.31,Right,4.78,3.23,7.22,3.39,6.98,18,13
LRM38,Amazonas,45.57,Right,4.49,3.44,7.29,3.31,6.89,18,13
LRM39,Amazonas,42.29,Left,4.78,3.1,6.86,3.27,6.82,17,13
LRM39,Amazonas,43.45,Left,4.96,3.42,7.19,3.48,7.07,17,13
LRM39,Amazonas,42.29,Right,4.48,2.98,6.8,3.04,6.55,17,13
LRM39,Amazonas,43.45,Right,4.19,3.28,6.88,2.75,7.26,17,13
LRM40,Amazonas,42.76,Left,4.99,3.39,6.74,3.36,6.55,18,13
LRM40,Amazonas,44.17,Left,4.93,3.7,6.49,3.23,6.79,18,13
LRM40,Amazonas,42.76,Right,4.81,3.6,6.74,3.58,6.42,18,13
LRM40,Amazonas,44.17,Right,4.5,3.79,6.58,3.38,6.65,18,13
LRM41,Amazonas,40.74,Left,4.48,2.95,6.91,3.16,6.27,17,14
LRM41,Amazonas,42.8,Left,4.38,3.23,6.95,3.32,6.6,17,14
LRM41,Amazonas,40.74,Right,4.3,2.89,6.85,3.34,6.22,16,13
LRM41,Amazonas,42.8,Right,4.31,2.97,7.03,3.19,6.62,16,13
LRM42,Amazonas,41.88,Left,5.02,3.02,6.97,3.3,6.37,17,13
LRM42,Amazonas,43.02,Left,4.61,3.23,6.51,3.09,6.45,17,13
LRM42,Amazonas,41.88,Right,4.62,3.17,6.95,3.18,6.41,17,13
LRM42,Amazonas,43.02,Right,4.3,3.35,6.64,2.87,6.76,17,13
LRM43,Amazonas,36.62,Left,4.01,2.74,NA,3.06,NA,NA,NA
LRM43,Amazonas,37.14,Left,4.32,3.01,NA,3.17,NA,NA,NA
LRM43,Amazonas,36.62,Right,4,2.75,NA,2.89,NA,NA,NA
LRM43,Amazonas,37.14,Right,4.18,3.03,NA,3.01,NA,NA,NA
LRM44,Amazonas,41.23,Left,5.02,2.75,6.72,3.29,6.41,18,14
LRM44,Amazonas,41.89,Left,4.95,3.02,6.71,3,6.54,18,14
LRM44,Amazonas,41.23,Right,4.5,2.92,6.83,3.36,6.54,18,14
LRM44,Amazonas,41.89,Right,4.33,3.19,6.83,3.3,6.86,18,14
LRM45,Amazonas,45.18,Left,4.76,3.11,7.32,3.42,6.84,18,15
LRM45,Amazonas,46.03,Left,4.85,3.34,7.22,3.19,7.19,18,15
LRM45,Amazonas,45.18,Right,5.01,3.16,6.82,3.75,6.75,18,15
LRM45,Amazonas,46.03,Right,4.5,3.37,7.12,3.6,6.95,18,15
LRM46,Amazonas,43.85,Left,4.66,3.1,6.96,3.54,6.81,18,14
LRM46,Amazonas,44.45,Left,4.66,3.38,6.86,3.26,7.12,18,14
LRM46,Amazonas,43.85,Right,4.88,3.49,7.04,3.63,6.99,18,13
LRM46,Amazonas,44.45,Right,4.82,3.86,6.97,3.29,6.86,18,13
LRM48,Amazonas,46.67,Left,5.23,3.03,7.54,NA,NA,18,NA
LRM48,Amazonas,46.13,Left,5.07,3.34,7.23,NA,NA,18,NA
LRM48,Amazonas,46.67,Right,5.07,3.52,7.45,3.46,6.71,18,13
LRM48,Amazonas,46.13,Right,4.8,3.81,7.31,3.54,7.08,18,13
LRM49,Amazonas,41.78,Left,5.01,3.16,7.32,3.64,6.8,18,13
LRM49,Amazonas,43.05,Left,4.95,3.45,7.29,3.56,7.19,18,13
LRM49,Amazonas,41.78,Right,4.59,3.13,7.36,3.32,6.62,17,13
LRM49,Amazonas,43.05,Right,4.53,3.31,7.25,3.27,7.11,17,13
LRM50,Amazonas,41.29,Left,4.64,2.76,6.9,3.72,6.61,17,14
LRM50,Amazonas,43.2,Left,4.59,3.02,7.03,3.54,6.88,17,14
LRM50,Amazonas,41.29,Right,4.37,2.99,6.92,3.28,6.5,17,14
LRM50,Amazonas,43.2,Right,4.4,3.27,7.01,3.29,7.05,17,14
LRM51,Amazonas,36.65,Left,4.31,3.01,6.51,3.06,6.4,17,13
LRM51,Amazonas,37.13,Left,4.07,3.22,6.54,2.85,6.44,17,13
LRM51,Amazonas,36.65,Right,4.25,2.81,6.73,3.01,6.32,17,14
LRM51,Amazonas,37.13,Right,4.03,2.78,6.7,2.84,6.49,17,14
LRM52,Amazonas,41.23,Left,4.42,3.13,6.54,3.06,6.35,17,14
LRM52,Amazonas,43.18,Left,4.34,3.45,6.6,2.82,6.56,17,14
LRM52,Amazonas,41.23,Right,4.57,3.52,6.65,3.27,6.18,17,14
LRM52,Amazonas,43.18,Right,4.55,3.74,6.74,3.12,6.14,17,14
LRM53,Amazonas,38.49,Left,4.45,3.61,6.85,3.22,7.09,17,14
LRM53,Amazonas,38.97,Left,4.7,3.71,6.83,3.21,7.05,17,14
LRM53,Amazonas,38.49,Right,4.27,3.41,6.85,3.07,6.78,17,13
LRM53,Amazonas,38.97,Right,4.19,3.49,6.86,3.35,6.71,17,13
LRM54,Amazonas,41.22,Left,4.57,4.04,7.14,3.52,7.06,17,13
LRM54,Amazonas,40.76,Left,4.62,3.78,7.24,3.42,7,17,13
LRM54,Amazonas,41.22,Right,5.02,4.07,7.21,3.2,7.11,17,14
LRM54,Amazonas,40.76,Right,4.9,3.66,7.03,3.2,7.09,17,14
LRM55,Amazonas,37.54,Left,4.25,3.57,6.6,3.39,6.71,17,14
LRM55,Amazonas,36.13,Left,3.99,3.47,6.39,3.28,6.46,17,14
LRM55,Amazonas,37.54,Right,4.45,3.93,6.69,3.36,6.76,16,13
LRM55,Amazonas,36.13,Right,4.15,4.09,6.58,3.05,6.45,16,13
LRM56,Amazonas,35.34,Left,4.03,3.63,6.2,2.97,6.4,16,12
LRM56,Amazonas,34.94,Left,4.01,3.6,6.23,3.03,6.42,16,12
LRM56,Amazonas,35.34,Right,4.14,3.56,6.5,2.98,6.53,16,14
LRM56,Amazonas,34.94,Right,4.46,3.47,6.49,3.07,6.56,16,14
LRM57,Amazonas,36.72,Left,3.91,3.74,6.24,2.96,6.68,16,14
LRM57,Amazonas,35.13,Left,3.9,3.78,6.19,2.87,6.29,16,14
LRM57,Amazonas,36.72,Right,3.89,3.69,6.49,3.05,6.64,16,14
LRM57,Amazonas,35.13,Right,3.69,3.5,6.27,3.04,6.47,16,14
LRM58,Amazonas,39.87,Left,4.8,3.25,7.07,3.5,7.11,17,13
LRM58,Amazonas,38.93,Left,4.54,3.51,6.82,3.44,6.82,17,13
LRM58,Amazonas,39.87,Right,4.61,3.93,7.14,3.4,6.85,16,13
LRM58,Amazonas,38.93,Right,4.47,3.97,6.88,3.57,6.76,16,13
LRM59,Amazonas,36.55,Left,4.04,3.57,6.7,3.24,6.32,17,14
LRM59,Amazonas,36.22,Left,3.91,3.76,6.67,3.26,6.19,17,14
LRM59,Amazonas,36.55,Right,4.05,3.67,6.74,3.37,6.18,18,13
LRM59,Amazonas,36.22,Right,3.98,3.81,6.78,3.46,6.08,18,13
LRM60,Amazonas,35.51,Left,3.47,3.17,5.95,3.02,5.85,16,13
LRM60,Amazonas,36.63,Left,3.85,3.25,6.55,3.28,6.44,16,13
LRM60,Amazonas,35.51,Right,3.79,3.29,5.91,3,5.63,17,13
LRM60,Amazonas,36.63,Right,4.04,3.13,6.53,3.2,6.22,17,13
